13,
8.500000e-02,6.900000e-02,1.350000e-01,3.800000e-02,7.900000e-02,5.800000e-02,8.800000e-02,1.260000e-01,9.900000e-02,6.700000e-02,5.000000e-02,6.800000e-02,3.800000e-02,
9.622434e-01, -2.741640e-02, 4.472840e-03, 1.974920e-01, 1.373139e-01, 8.040838e-02, 4.248555e-03, 1.075196e+00,
2.495618e-03, -1.282513e-01, 4.497559e-02, -2.173508e-01, 3.350802e-02, -4.777986e-02, 9.930315e-01, -6.924075e-02,
-1.822895e-01, 1.369424e-01, 4.659574e-03, -5.061237e-02, 1.917553e-02, 9.742403e-01, 7.145092e-02, 2.360612e-02,
-2.769756e-04, 2.980580e-02, -1.176111e-01, 4.413991e-02, 9.411794e-01, -3.684506e-02, 1.704724e-02, -4.523535e-02,
5.954687e-02, 2.393418e-02, 5.943483e-02, 1.061235e+00, 9.974784e-01, 2.155363e-02, 3.490420e-02, -1.951269e-01,
1.404698e-01, -8.896039e-02, 3.218205e-02, 9.821821e-01, -6.319181e-02, 1.639403e-01, -1.113973e-02, 7.872665e-02,
-2.966048e-02, -3.735759e-03, 1.028288e+00, 3.118657e-02, -1.293301e-01, 1.023374e-02, -2.624705e-02, 3.947691e-02,
-2.797859e-02, 1.065053e+00, -5.386798e-02, 3.553630e-03, 4.363725e-02, 3.728101e-02, -7.848735e-02, -8.786356e-02,
1.096901e+00, -3.335420e-02, -4.210752e-02, -3.533448e-02, 7.679001e-02, 4.532135e-02, -1.256364e-01, 8.659118e-01,
1.009273e+00, -7.467951e-03, -1.195443e-02, -4.480133e-02, -1.415155e-01, -2.262886e-02, -2.491300e-02, 1.030744e+00,
-3.056971e-02, 6.979776e-02, 4.172487e-02, 4.467795e-02, 1.563954e-02, -2.327596e-02, 1.042524e+00, -2.499644e-02,
9.979065e-02, -2.204908e-02, -3.663913e-02, 3.136950e-03, 1.272456e-02, 9.564275e-01, -2.299015e-02, -4.791527e-03,
-4.094085e-02, -8.506491e-03, 5.941995e-02, -2.134807e-03, 9.865094e-01, -1.128757e-02, 5.777905e-03, -1.655439e-02,
-4.453837e-03, -1.573268e-02, 1.681242e-03, 8.669919e-01, 9.535115e-01, 1.010527e-01, -5.357761e-04, -1.724341e-01,
-2.949410e-02, -7.165924e-02, 3.388949e-02, 9.214488e-01, 5.799648e-02, 7.535452e-02, -4.380057e-03, -1.208681e-01,
1.259906e-02, -2.250148e-02, 9.425393e-01, 9.707962e-02, 3.387416e-02, 1.925274e-01, 1.723943e-03, -5.917469e-02,
5.267571e-02, 1.297195e+00, 4.300310e-03, -2.869081e-02, 6.488431e-03, -5.636412e-02, 7.258277e-02, -1.552679e-01,
9.054212e-01, 1.964517e-01, 1.169046e-02, -2.215723e-02, 1.105967e-02, -6.681476e-02, 8.638570e-02, 1.044558e+00,
9.468107e-01, 1.547401e-02, -2.950618e-03, -1.993035e-01, -5.127338e-02, 1.289089e-01, 3.809393e-02, 9.319864e-01,
7.605963e-02, 1.654789e-01, 8.713205e-02, -6.842619e-02, 1.509542e-02, 5.253964e-02, 9.268910e-01, 3.382464e-02,
-3.585867e-02, -6.048270e-02, -1.927117e-02, 5.417935e-02, 3.158855e-03, 1.078206e+00, 1.119001e-01, 1.024706e-01,
1.213013e-02, -4.978386e-03, 1.959021e-02, 9.160418e-02, 8.971842e-01, 1.079993e-01, 3.867932e-02, 5.527030e-02,
-6.018152e-02, 7.470663e-02, 1.008451e-01, 1.260948e+00, 1.054258e+00, -3.426039e-02, -5.765915e-02, 1.383568e-01,
1.878898e-01, 1.554125e-02, -1.903637e-02, 9.930228e-01, 5.284604e-02, -4.419254e-02, -4.577314e-02, -1.189767e-01,
-3.522129e-02, 4.123757e-02, 1.004813e+00, -9.416429e-02, -1.421166e-01, 1.034354e-01, -2.477072e-02, -1.337723e-02,
1.431687e-02, 8.040512e-01, -3.852925e-02, -1.714581e-02, 4.174981e-02, 8.223222e-03, -2.637955e-02, -4.469360e-02,
8.625672e-01, 1.837909e-02, 4.620986e-03, -4.233808e-03, 2.849470e-02, -1.181305e-01, 4.939314e-02, 1.225200e+00,
1.125175e+00, -1.060019e-02, -4.831515e-02, -1.248526e-01, 9.014009e-02, -5.983980e-03, -4.777241e-02, 1.013905e+00,
-1.815994e-02, 5.963535e-02, -4.754530e-02, 5.691476e-02, -7.740250e-02, -3.304373e-03, 1.066475e+00, 6.521724e-02,
-4.259479e-02, -5.093078e-02, -5.100511e-03, 1.005518e-02, -9.095443e-03, 8.867966e-01, -6.854456e-02, 8.928963e-03,
1.869696e-02, 1.957167e-02, 6.820165e-06, -5.814061e-02, 8.340467e-01, 2.464377e-03, -7.943327e-03, 2.138750e-02,
-2.875559e-02, -2.887183e-02, 1.395295e-02, 8.985959e-01, 9.656629e-01, 3.624172e-02, 1.854006e-02, 8.456145e-02,
-5.347538e-02, 1.302268e-02, 5.433005e-02, 9.466196e-01, -1.932044e-02, -2.778178e-02, -1.038713e-01, 1.840112e-01,
-1.999297e-02, 1.713866e-02, 1.000780e+00, -5.677967e-02, 1.573467e-01, -1.970339e-01, -7.825396e-03, 4.292546e-03,
-3.132621e-02, 1.099906e+00, 4.938831e-02, -1.156072e-01, -3.987114e-02, -1.900347e-02, 6.849481e-02, 1.098542e-01,
1.151190e+00, -1.624748e-01, 5.413643e-02, 2.643138e-02, -1.206270e-01, -1.553604e-02, -1.582041e-01, 9.486800e-01,
1.008027e+00, -2.366744e-02, -1.458510e-02, 2.055672e-01, -8.604198e-02, -5.250586e-03, 2.395647e-02, 1.013797e+00,
6.049024e-03, -1.857704e-01, 8.803805e-02, -1.161803e-01, -3.198320e-02, 9.870440e-03, 1.008536e+00, -1.979672e-02,
-1.996071e-03, 1.214309e-01, 6.872404e-02, -3.553729e-02, -1.771744e-03, 1.012098e+00, -2.053255e-02, 3.905926e-02,
1.981734e-02, -7.523174e-03, -4.652212e-02, 1.923226e-03, 8.680300e-01, 1.972425e-02, -4.193760e-02, -2.967109e-02,
1.012471e-01, 1.185698e-02, 2.444719e-02, 1.060348e+00, 1.011566e+00, -1.160949e-02, 1.005928e-01, 9.148113e-02,
1.645409e-01, -4.519012e-02, -6.729888e-02, 1.001001e+00, -2.433677e-02, -1.320787e-01, -9.793714e-02, 1.431155e-01,
5.573310e-02, 1.060897e-02, 9.237440e-01, 4.059761e-02, -6.660372e-02, -9.792538e-02, 3.166614e-02, -3.601973e-02,
-8.781796e-03, 8.579093e-01, -1.448466e-01, -5.144018e-02, 7.762080e-02, -3.369476e-02, 7.132193e-03, -9.932129e-02,
1.270838e+00, -7.051865e-02, -7.668435e-02, 3.704039e-02, -1.489825e-02, -4.769147e-02, 1.077200e-02, 9.318141e-01,
9.542761e-01, -8.731112e-02, 1.007085e-01, -2.867197e-02, -7.323784e-02, -4.300536e-02, -4.089484e-02, 1.135476e+00,
-7.790990e-02, 1.610124e-03, -4.589726e-02, 1.058505e-01, 8.661870e-02, -4.816521e-02, 9.772014e-01, 2.706184e-02,
1.191351e-01, -6.284518e-02, 3.226561e-02, -1.643007e-02, -2.746179e-02, 9.556949e-01, 4.077323e-02, -2.109523e-02,
-5.673394e-02, 4.423443e-02, 1.840862e-02, 3.146321e-02, 1.307774e+00, -3.593523e-02, 5.127967e-02, -5.906389e-02,
-1.405663e-02, 3.633330e-02, -9.605041e-02, 8.407898e-01, 1.033637e+00, -3.726784e-03, -6.197289e-02, -1.095891e-01,
-1.258945e-01, 7.737484e-03, -2.248502e-02, 9.795246e-01, 5.891037e-02, 5.893299e-02, 2.245292e-02, -1.264203e-01,
-1.115208e-02, 2.420220e-02, 1.003063e+00, 5.065614e-02, 1.034416e-01, 1.186828e-01, -2.238842e-03, 4.640742e-02,
2.258948e-02, 9.667513e-01, 5.257204e-02, 6.308237e-03, -3.555930e-02, -3.289587e-02, 3.431402e-02, 1.788984e-02,
9.515172e-01, 1.472834e-01, -2.335670e-02, 2.495124e-03, 4.791352e-02, 1.152342e-02, 8.474085e-02, 1.124020e+00,
9.129831e-01, 7.584927e-02, -4.680051e-02, -6.961758e-03, 1.411766e-02, -5.121828e-02, 1.731313e-02, 9.509980e-01,
5.134530e-02, -4.739910e-02, 8.254121e-02, 2.457128e-02, 6.970381e-02, -2.684722e-02, 9.954552e-01, 5.436086e-02,
-9.665887e-02, 2.664700e-02, 7.983514e-03, 5.448950e-02, 2.235449e-02, 1.201285e+00, -2.334529e-03, 1.676541e-01,
1.010284e-02, 4.737754e-02, -8.267833e-02, -3.147973e-02, 9.527185e-01, 1.237497e-01, -2.367808e-02, 8.594508e-02,
-2.443214e-02, 1.150139e-01, 1.020991e-01, 1.003803e+00, 6.165570e-06, -2.316820e-06, -2.052451e-06, 3.045072e-06,
2.659631e-06, 1.042160e-06, -2.316820e-06, 6.873597e-06, -2.760478e-06, -2.622783e-06, 9.476116e-07, -2.595724e-06,
-2.052451e-06, -2.760478e-06, 6.609228e-06, -4.222889e-07, -3.607242e-06, 1.553564e-06, 3.045072e-06, -2.622783e-06,
-4.222889e-07, 1.222308e-05, 2.084320e-06, 1.895223e-06, 2.659631e-06, 9.476116e-07, -3.607242e-06, 2.084320e-06,
1.328055e-05, -8.445779e-07, 1.042160e-06, -2.595724e-06, 1.553564e-06, 1.895223e-06, -8.445779e-07, 1.044844e-05,
5.091487e-06, -1.340659e-06, -1.954529e-06, -2.695776e-06, 2.625447e-06, -1.206608e-06, -1.340659e-06, 6.159200e-06,
-3.022241e-06, 3.746205e-06, 8.040565e-07, 7.254870e-08, -1.954529e-06, -3.022241e-06, 6.773069e-06, -1.050430e-06,
-3.429503e-06, 1.134059e-06, -2.695776e-06, 3.746205e-06, -1.050430e-06, 1.612772e-05, -2.413216e-06, 1.608113e-06,
2.625447e-06, 8.040565e-07, -3.429503e-06, -2.413216e-06, 1.367224e-05, -2.100859e-06, -1.206608e-06, 7.254870e-08,
1.134059e-06, 1.608113e-06, -2.100859e-06, 9.401393e-06, 6.664724e-06, -2.798904e-06, -2.069521e-06, -2.041198e-06,
-3.282773e-06, 6.103196e-07, -2.798904e-06, 7.794075e-06, -3.198872e-06, 2.528596e-06, -8.399120e-08, 1.609630e-07,
-2.069521e-06, -3.198872e-06, 7.064692e-06, -4.873980e-07, 3.366765e-06, -7.712827e-07, -2.041198e-06, 2.528596e-06,
-4.873980e-07, 1.029474e-05, 1.220639e-06, -1.679823e-07, -3.282773e-06, -8.399120e-08, 3.366765e-06, 1.220639e-06,
1.321227e-05, -9.747959e-07, 6.103196e-07, 1.609630e-07, -7.712827e-07, -1.679823e-07, -9.747959e-07, 8.694870e-06,
4.031521e-06, -2.007885e-07, -2.034433e-06, -6.106039e-07, -1.411506e-06, -1.410702e-06, -2.007885e-07, 4.153974e-06,
-2.156886e-06, -1.687466e-06, -1.049255e-06, -1.114964e-06, -2.034433e-06, -2.156886e-06, 5.987618e-06, 2.298070e-06,
2.460761e-06, 2.525666e-06, -6.106039e-07, -1.687466e-06, 2.298070e-06, 2.068720e-05, -2.821404e-06, -2.098510e-06,
-1.411506e-06, -1.049255e-06, 2.460761e-06, -2.821404e-06, 1.335263e-05, 4.596140e-06, -1.410702e-06, -1.114964e-06,
2.525666e-06, -2.098510e-06, 4.596140e-06, 1.286281e-05, 5.420396e-06, -1.307769e-06, -2.316327e-06, -2.363811e-06,
-1.842877e-06, 2.681298e-06, -1.307769e-06, 3.847151e-06, -7.430819e-07, 1.798582e-06, 1.232059e-06, 7.197953e-07,
-2.316327e-06, -7.430819e-07, 4.855709e-06, 5.652286e-07, 6.108175e-07, -3.401093e-06, -2.363811e-06, 1.798582e-06,
5.652286e-07, 1.625928e-05, 5.362596e-06, 2.464118e-06, -1.842877e-06, 1.232059e-06, 6.108175e-07, 5.362596e-06,
1.222505e-05, 1.130457e-06, 2.681298e-06, 7.197953e-07, -3.401093e-06, 2.464118e-06, 1.130457e-06, 1.851803e-05,
7.939976e-06, -3.116065e-06, -3.027611e-06, 1.066107e-06, 1.895812e-06, 3.059954e-07, -3.116065e-06, 4.601183e-06,
3.111821e-07, -5.512831e-07, -9.709639e-07, -1.010613e-07, -3.027611e-06, 3.111821e-07, 4.512729e-06, -5.148236e-07,
-9.248487e-07, -2.049341e-07, 1.066107e-06, -5.512831e-07, -5.148236e-07, 9.026097e-06, 6.119908e-07, -1.941928e-06,
1.895812e-06, -9.709639e-07, -9.248487e-07, 6.119908e-07, 9.379912e-06, -1.029647e-06, 3.059954e-07, -1.010613e-07,
-2.049341e-07, -1.941928e-06, -1.029647e-06, 2.273509e-05, 8.142312e-06, -3.127433e-06, -3.218580e-06, -1.367523e-06,
5.543366e-07, -4.208300e-08, -3.127433e-06, 7.856431e-06, -2.932699e-06, 1.229811e-06, 1.797348e-07, 2.066352e-06,
-3.218580e-06, -2.932699e-06, 7.947578e-06, 1.377113e-07, -7.340714e-07, -2.024269e-06, -1.367523e-06, 1.229811e-06,
1.377113e-07, 8.980626e-06, -8.416600e-08, 3.594696e-07, 5.543366e-07, 1.797348e-07, -7.340714e-07, -8.416600e-08,
8.616038e-06, 2.754225e-07, -4.208300e-08, 2.066352e-06, -2.024269e-06, 3.594696e-07, 2.754225e-07, 9.759561e-06,
4.313154e-06, -5.720652e-07, -1.944789e-06, -1.240258e-06, -2.148811e-06, 1.591825e-06, -5.720652e-07, 4.863911e-06,
-2.495546e-06, 3.162079e-06, -5.257048e-07, 8.997686e-07, -1.944789e-06, -2.495546e-06, 6.236635e-06, -1.921821e-06,
2.674516e-06, -2.491593e-06, -1.240258e-06, 3.162079e-06, -1.921821e-06, 1.920210e-05, 3.183649e-06, -1.051410e-06,
-2.148811e-06, -5.257048e-07, 2.674516e-06, 3.183649e-06, 1.371120e-05, -3.843643e-06, 1.591825e-06, 8.997686e-07,
-2.491593e-06, -1.051410e-06, -3.843643e-06, 1.150817e-05, 7.271627e-06, -2.333817e-06, -3.141510e-06, 3.087648e-06,
-1.113165e-06, -6.301067e-07, -2.333817e-06, 6.170800e-06, -2.040683e-06, -2.813266e-06, 9.315506e-07, -2.936720e-06,
-3.141510e-06, -2.040683e-06, 6.978493e-06, -2.743820e-07, 1.816149e-07, 3.566826e-06, 3.087648e-06, -2.813266e-06,
-2.743820e-07, 1.215509e-05, -1.260213e-06, 1.863101e-06, -1.113165e-06, 9.315506e-07, 1.816149e-07, -1.260213e-06,
8.924316e-06, -5.487639e-07, -6.301067e-07, -2.936720e-06, 3.566826e-06, 1.863101e-06, -5.487639e-07, 1.332762e-05,
4.581274e-06, -2.826632e-06, 4.165720e-08, 5.690874e-07, 7.819976e-07, -1.920568e-06, -2.826632e-06, 6.952847e-06,
-2.329915e-06, -1.152009e-06, -8.868897e-07, 3.442621e-06, 4.165720e-08, -2.329915e-06, 4.084558e-06, 5.829213e-07,
1.048920e-07, -1.522053e-06, 5.690874e-07, -1.152009e-06, 5.829213e-07, 1.018383e-05, -3.841135e-06, -1.773779e-06,
7.819976e-07, -8.868897e-07, 1.048920e-07, -3.841135e-06, 2.165699e-05, 1.165843e-06, -1.920568e-06, 3.442621e-06,
-1.522053e-06, -1.773779e-06, 1.165843e-06, 1.217070e-05, 4.610963e-06, -3.157998e-06, 3.433348e-07, -6.283319e-07,
-4.452426e-07, 4.735912e-07, -3.157998e-06, 8.141329e-06, -3.187031e-06, 1.192779e-06, -1.495920e-07, -8.689055e-07,
3.433348e-07, -3.187031e-06, 4.639996e-06, -5.644472e-07, 5.948346e-07, 3.953143e-07, -6.283319e-07, 1.192779e-06,
-5.644472e-07, 8.858365e-06, 9.471824e-07, -2.991840e-07, -4.452426e-07, -1.495920e-07, 5.948346e-07, 9.471824e-07,
2.286370e-05, -1.128894e-06, 4.735912e-07, -8.689055e-07, 3.953143e-07, -2.991840e-07, -1.128894e-06, 8.742233e-06,
6.725951e-06, -2.829157e-06, -2.100494e-06, -2.321729e-06, -2.871330e-06, 1.172943e-06, -2.829157e-06, 6.380528e-06,
-1.755072e-06, 1.123621e-06, -1.489901e-07, -3.812411e-06, -2.100494e-06, -1.755072e-06, 5.651865e-06, 1.198108e-06,
3.020320e-06, 2.639467e-06, -2.321729e-06, 1.123621e-06, 1.198108e-06, 1.017373e-05, 2.345887e-06, -2.979801e-07,
-2.871330e-06, -1.489901e-07, 3.020320e-06, 2.345887e-06, 1.308838e-05, 2.396216e-06, 1.172943e-06, -3.812411e-06,
2.639467e-06, -2.979801e-07, 2.396216e-06, 1.447007e-05, 3.537207e-06, -6.586290e-07, -1.082278e-06, -9.859270e-07,
4.451252e-07, -4.513523e-07, -6.586290e-07, 4.511348e-06, -2.056419e-06, -3.204866e-07, 3.064546e-06, 9.223696e-07,
-1.082278e-06, -2.056419e-06, 4.934997e-06, 1.306414e-06, -3.509671e-06, -4.710173e-07, -9.859270e-07, -3.204866e-07,
1.306414e-06, 1.885584e-05, -9.027046e-07, 6.129092e-06, 4.451252e-07, 3.064546e-06, -3.509671e-06, -9.027046e-07,
1.716124e-05, 2.612827e-06, -4.513523e-07, 9.223696e-07, -4.710173e-07, 6.129092e-06, 2.612827e-06, 1.326468e-05,
2.081515e-01, 1.117600e-01, 1.456023e-01, -1.414177e-01, -2.013638e-01, 4.026984e-03, 5.954758e-02, 3.082056e-01, 
1.504509e-01, 4.143536e-02, -8.641591e-02, 1.636055e-01, 4.715092e-02, 9.645324e-02, 3.858836e-01, 3.315049e-03,
4.908621e-02, 1.126015e-02, -2.327920e-02, 1.791883e-02, 2.193040e-03, 3.684443e-01, -3.164269e-03, -5.333390e-02,
-3.950324e-02, -1.054797e-02, 3.401754e-02, -7.683901e-03, 3.851481e-01, 1.460035e-02, -1.062458e-02, 4.274428e-02,
1.491791e-03, -5.378463e-02, 2.993286e-03, 4.939210e-01, -4.383765e-03, -1.189613e-02, -1.432568e-02, -2.812457e-03,
4.305932e-03, -2.225100e-02, 8.183442e-03, -3.201693e-02, -4.531880e-02, 1.779166e-02, 1.718683e-02, -1.401129e-02,
1.179742e-02, -3.265366e-02, -3.835405e-02, 4.244461e-03, -2.625197e-04, 4.425275e-03, 1.096036e-03, 3.784387e-03,
4.781102e-03, -3.513867e-02, -1.777621e-02, 1.738277e-02, 2.785996e-03, -1.001963e-03, -1.638012e-03, -1.100924e-02,
-2.031890e-02, 3.794003e-03, -3.249740e-03, 5.843573e-03, -5.026301e-03, 1.521400e-02, 1.195276e-02, -1.336525e-01,
3.644385e-02, 1.479727e-02, -8.026530e-02, -1.149688e-02, -2.388388e-02, -4.349239e-02, 2.239942e-02, 2.280986e-02,
-9.264970e-02, -2.951742e-02, 2.453095e-02, -6.560696e-02, 3.314989e-02, 4.270349e-02, -2.212694e-01, 8.274624e-03,
7.182124e-02, -9.324520e-02, -5.286160e-04, -8.530863e-03, -5.551578e-04, 8.259216e-02, -2.843295e-02, 4.002790e-03,
-2.131702e-03, -3.632540e-03, 3.030839e-02, -4.211699e-02, -1.058861e-01, -4.117698e-03, 2.076083e-03, -1.357926e-02,
-2.773437e-02, -3.358395e-03, -1.991957e-02, -9.284160e-02, 8.822000e-03, -2.353582e-02, 1.654712e-02, 3.435689e-02,
6.675786e-03, 5.235977e-04, 7.434487e-03, -9.149998e-02, 2.921008e-02, 3.926826e-02, -8.233987e-04, 1.795072e-02,
7.070757e-04, -3.430773e-02, 3.718324e-02, 3.172503e-02, -2.158667e-02, 1.207449e-02, 7.312164e-03, 5.136526e-03,
-4.862612e-03, -4.354921e-02, 4.918725e-03, -2.182758e-03, 3.854506e-03, -1.548148e-03, -3.676823e-03, -2.273155e-03,
4.118685e-02, 1.260690e-02, -1.801316e-03, 2.022125e-03, -3.222437e-03, -2.081341e-03, 8.400495e-03, -1.920269e-02,
1.318513e-02, -5.391342e-02, 2.859267e-02, -4.429122e-02, 1.467123e-02, 7.265264e-04, 2.100127e-02, -2.135021e-01,
7.557518e-02, 4.445391e-03, -2.102216e-02, 2.595942e-02, 1.605530e-03, -1.979104e-02, 4.136759e-02, -1.301583e-02,
-1.442755e-02, -5.612385e-03, -3.591432e-03, 4.071094e-03, -1.198027e-03, -7.819056e-02, -1.998589e-02, -2.848365e-04,
2.412725e-03, 9.106420e-03, -8.089741e-03, 1.600560e-02, 8.890687e-02, -1.147858e-02, -1.765479e-03, 1.019182e-02,
-2.328525e-03, 7.145698e-03, -1.237586e-02, -7.272841e-03, -1.360085e-01, 3.741006e-02, 3.583029e-02, -1.569103e-02,
8.973322e-03, -8.437179e-03, -5.569822e-02, 5.213646e-02, 9.178412e-03, -7.858809e-04, 8.459776e-03, -4.515728e-03,
-5.325314e-02, 6.389003e-03, 5.290597e-02, -2.218000e-03, 8.612060e-03, 1.126652e-02, 5.085017e-03, 6.274910e-03,
-1.124463e-04, -1.358461e-02, 5.930787e-03, 1.487491e-02, 1.557811e-02, -4.973195e-03, 1.150655e-02, 2.062004e-03,
-2.107740e-02, 9.133405e-03, 3.520610e-03, -3.761471e-03, 2.957436e-03, 7.319510e-03, 1.271297e-03, 4.674285e-02,
-1.814146e-02, -2.374612e-02, -1.699259e-02, -3.912815e-03, -1.086358e-02, 7.982708e-03, -2.622398e-02, -2.256872e-02,
-2.097988e-02, 1.947212e-02, -1.880330e-02, 3.288412e-02, -2.179430e-02, -2.362093e-02, -1.239912e-02, 6.158090e-03,
-2.305962e-02, -1.629996e-03, 1.579461e-03, 7.438035e-03, -1.874794e-03, -1.144162e-01, 4.727431e-03, -2.607154e-02,
-5.438790e-03, -4.349023e-03, 4.984265e-03, 5.175869e-03, -7.661852e-02, 3.121452e-03, -3.047886e-03, 1.089810e-02,
-5.201725e-03, -2.730442e-02, 6.641250e-03, -1.044644e-01, 2.581038e-02, 1.648955e-02, -7.892725e-02, 3.007450e-02,
-5.553145e-02, 2.089422e-02, 7.849958e-03, 3.436593e-02, -7.397593e-02, -1.487489e-03, -2.336984e-02, 3.681160e-02,
1.310119e-02, 4.307588e-02, -1.939016e-01, 2.422795e-02, 2.109503e-02, -1.905065e-02, 1.529271e-03, -3.929900e-04,
-1.005001e-02, 4.883442e-02, 3.283249e-02, -1.756937e-02, -2.804510e-03, -1.561299e-03, 1.508763e-02, 5.979898e-03,
-1.536274e-01, 6.994526e-03, -3.141052e-03, 1.395172e-02, -9.223536e-03, -1.477628e-02, -1.529070e-02, -1.089028e-01,
-5.902150e-02, 2.596974e-02, -2.098537e-02, 2.457281e-02, 9.001413e-02, -5.027315e-02, -1.823156e-02, 3.637868e-02,
-3.460758e-02, 5.047388e-02, 6.233522e-02, -3.469534e-02, -2.692651e-02, 2.510848e-02, -3.718967e-02, 6.198732e-03,
1.002002e-01, -6.237537e-02, 1.483106e-02, 8.116668e-03, 3.117755e-03, 1.154733e-02, -3.380214e-02, 4.020403e-02,
2.280172e-02, -8.204963e-03, 3.390164e-02, -2.576504e-02, -5.879857e-02, 1.566459e-02, 1.756033e-03, -1.196761e-02,
-9.048590e-03, 4.630006e-02, 7.841572e-03, 9.741873e-03, -2.796622e-02, 5.569124e-03, -3.140938e-02, 5.894376e-03,
1.022315e-02, 8.542112e-03, -1.878332e-02, 1.778969e-03, -2.183664e-02, 2.013057e-03, 2.637666e-03, 2.477769e-02,
-3.542525e-02, 4.772112e-03, -2.977140e-02, -5.384989e-03, 1.550476e-02, 9.245807e-03, 3.636171e-04, -3.185404e-04,
-1.910158e-03, -2.048115e-02, -3.690177e-04, 6.218817e-03, 1.161761e-03, -2.787641e-03, 8.299647e-03, 7.297998e-03,
-7.045623e-02, 3.210365e-03, -3.137857e-04, 3.617110e-03, 2.133928e-03, 1.881169e-03, -5.015657e-04, -3.595497e-02,
3.274286e-03, -8.859166e-03, -2.173250e-02, -1.093597e-02, -4.057221e-03, -1.376636e-02, -3.190527e-03, -9.635737e-03,
-3.041408e-02, -9.397017e-03, -9.189600e-03, -2.562526e-02, -5.621298e-03, -1.823292e-02, -2.287508e-02, -6.500224e-03,
-9.468662e-03, -1.956810e-02, 1.844644e-04, 4.764599e-05, -4.619980e-03, -3.066253e-02, -1.628076e-02, -1.240741e-02,
7.559223e-06, -1.052333e-03, -1.447021e-04, -8.166919e-03, -2.194753e-02, -7.221324e-03, -1.613727e-03, -2.659023e-03,
-6.241146e-03, -1.796074e-02, -1.773879e-02, -8.545914e-02, -3.760257e-03, -4.908629e-02, 3.174806e-02, -2.516176e-02,
1.035985e-02, -4.081561e-03, -1.523332e-03, -1.264811e-01, 5.496480e-02, 2.143889e-02, -1.437574e-02, 1.912608e-02,
1.892838e-04, -2.377459e-02, 4.776930e-02, 9.370337e-03, -2.452129e-02, -8.796830e-03, -2.507721e-03, 1.081956e-02,
-3.462427e-03, -1.133392e-01, -1.773188e-02, -1.179301e-02, -1.173017e-03, -1.953968e-03, -6.545892e-03, 1.147347e-03,
6.987755e-02, -3.967691e-03, -1.346907e-03, -2.130926e-02, -1.652726e-03, -3.592701e-03, -1.398881e-02, 1.959688e-02,
-8.648832e-03, -1.354242e-02, 1.844804e-03, -3.667075e-02, 1.316260e-02, 1.919711e-02, -7.013775e-03, -3.516715e-02,
-2.092411e-03, -2.689951e-02, 1.387391e-02, 4.069016e-02, 1.811159e-03, -1.834148e-02, -2.380939e-03, 2.845519e-03,
9.296293e-03, 2.506393e-02, -6.733698e-03, -3.752892e-03, -6.218091e-04, -3.629633e-02, 1.768276e-02, 1.735337e-02,
2.725852e-03, 2.700823e-03, -3.993637e-04, 1.520662e-02, 2.431853e-03, -5.495239e-03, 2.504503e-03, 9.243240e-03,
3.549333e-03, 2.106389e-02, -1.872020e-02, -4.348658e-02, -3.739180e-03, -2.202686e-02, -1.818645e-02, 3.482235e-02,
1.698714e-02, -2.514152e-03, 1.097441e-02, -4.350536e-02, -4.185594e-02, -1.492972e-03, 1.834329e-02, -3.853424e-02,
1.325823e-02, -5.092064e-02, -3.982856e-02, -7.819601e-03, -4.254028e-04, 1.164551e-02, 3.116755e-03, -8.806276e-03,
3.532299e-03, -5.361255e-02, -1.124315e-02, 2.874959e-02, 1.382548e-03, -3.254766e-03, -1.776230e-03, -1.510394e-02,
-2.302583e-02, 3.183262e-03, 3.175275e-03, -1.045784e-03, -1.134982e-02, 1.279100e-02, 2.737383e-02, -1.581634e-01,
3.022764e-01, 8.798490e-02, 1.167445e-01, 9.637610e-02, -1.914028e-01, 6.329482e-02, 6.322303e-02, 3.461803e-01,
1.289341e-01, -1.196265e-01, -7.603871e-02, 4.929898e-02, 6.258455e-02, 1.175177e-01, 3.468712e-01, 4.582026e-02,
4.193521e-02, -7.018049e-03, 1.952168e-02, -3.622187e-02, 8.035532e-03, 3.586827e-01, 4.135281e-02, -5.205958e-02,
-4.784887e-02, -3.175891e-03, 2.506240e-02, 5.245953e-02, 3.842447e-01, 3.033981e-02, 8.935421e-03, 1.091080e-02,
-6.644082e-03, -5.684950e-02, 2.740038e-02, 4.667056e-01, 4.628297e-02, -8.613603e-02, 5.544416e-03, -7.286173e-02,
-5.789449e-03, -2.810439e-03, 5.405228e-02, -1.954063e-01, 1.421354e-02, -9.053330e-02, -2.057043e-02, -4.330995e-03,
3.194320e-02, -1.082239e-01, 1.912101e-02, -6.873132e-02, -5.350684e-02, -1.519563e-02, -1.072993e-02, -7.310347e-04,
6.490097e-03, -4.641103e-02, -4.754294e-03, -2.128465e-02, 1.291891e-03, -2.142493e-04, -1.359486e-02, 1.020806e-02,
6.530187e-02, -1.857698e-02, 7.708707e-03, -7.128068e-03, -1.193324e-02, -3.654805e-02, 7.305876e-03, -1.672212e-01,
2.809377e-02, 1.246022e-02, -3.736387e-02, -3.382811e-03, -1.642630e-02, -2.350186e-02, 3.757245e-03, 4.650370e-02,
-3.451840e-02, 6.957625e-03, -1.480496e-03, -3.434161e-02, 2.447030e-02, 4.093169e-02, -1.191358e-01, -4.670653e-03,
2.051326e-02, -3.888696e-02, -3.609756e-03, 2.207054e-03, 7.965701e-03, 4.610727e-02, -1.695835e-02, 7.019199e-04,
-6.079683e-03, 1.650189e-04, 1.470054e-02, 2.504078e-03, -4.203269e-02, 5.197047e-03, 3.801788e-04, -3.207549e-03,
-3.522827e-03, -3.709922e-03, 3.877894e-03, -8.840769e-03, 3.372121e-02, 1.011203e-02, -5.720690e-02, 3.249003e-02,
-1.054305e-02, 4.293781e-02, 1.209773e-02, 1.804297e-02, -3.267567e-02, -2.029668e-03, 3.497211e-03, 4.829672e-02,
4.426859e-02, 4.863562e-02, -1.999746e-01, 2.228732e-02, 1.519264e-02, 2.292880e-02, -3.372194e-05, -8.031227e-04,
-1.852227e-03, 5.116878e-02, 3.443152e-02, 4.529377e-03, -4.218484e-03, 1.665339e-03, 3.567747e-03, 2.762979e-02,
-5.948750e-02, 8.533585e-03, 2.635510e-04, 1.864275e-02, -9.347166e-03, -6.959323e-03, 4.679789e-03, -6.528066e-02,
2.906952e-03, -2.020500e-02, -1.680713e-02, -6.200007e-03, -5.966881e-04, 3.630855e-04, -3.023181e-03, -1.775571e-02,
-2.596303e-02, -9.357997e-03, -1.094277e-02, -1.243831e-02, -2.922816e-03, -3.452319e-02, -1.214282e-02, -2.023320e-02,
-1.383269e-02, -1.319176e-02, -3.432580e-04, -2.502046e-03, -4.700984e-04, -4.622573e-02, -4.178481e-04, -1.618884e-02,
-3.796283e-03, -5.498331e-03, -1.809005e-04, 2.979013e-03, -4.186560e-02, -1.416498e-02, 2.407327e-03, -3.336453e-03,
-1.732940e-03, -1.625569e-02, -5.487862e-03, -4.507054e-02, -4.081512e-02, 5.344179e-02, -5.730978e-02, 3.489158e-02,
1.015661e-01, -1.723493e-02, -2.062542e-02, 7.730682e-02, -5.182167e-02, 1.094168e-02, 6.554493e-02, -3.185715e-02,
-1.796154e-02, 6.002966e-02, -1.022417e-01, 3.100540e-02, 1.126652e-01, -2.017782e-02, -2.918253e-03, 7.134857e-03,
2.499871e-03, 8.338763e-02, -2.138607e-02, 5.048796e-02, 2.094218e-02, -1.259033e-02, 2.985086e-02, -6.958463e-03,
-9.357128e-02, 1.739286e-02, -4.792623e-03, 2.249789e-03, -1.209584e-02, 5.268335e-02, 1.603209e-02, 3.682376e-02,
-8.423517e-02, -8.078124e-02, 7.308023e-02, -6.208422e-02, 2.584784e-02, 5.744141e-03, -5.608757e-02, -1.598139e-01,
8.910639e-02, 4.062884e-02, -1.785287e-04, -3.013276e-03, -2.771041e-02, -5.150790e-02, 6.118875e-02, -5.100650e-02,
1.631571e-04, 1.786580e-02, 2.723389e-03, -5.634087e-04, 5.293950e-04, -1.903829e-01, 1.364654e-03, 1.135758e-02,
4.971860e-03, -3.746271e-04, -1.582030e-03, 1.873085e-02, 6.348419e-02, -7.500413e-03, 7.890109e-03, 1.408544e-03,
-8.934961e-03, 1.126977e-02, 1.272264e-02, 2.940188e-02, -1.978522e-02, -2.932755e-02, -3.339202e-02, 2.362166e-02,
-1.323821e-02, 1.992013e-03, -2.693471e-02, -8.327662e-03, -3.247520e-02, -4.326962e-02, 2.135281e-02, -2.083118e-02,
-3.464253e-02, -3.570171e-02, -8.252516e-03, -1.412583e-02, -1.457381e-03, 3.430718e-02, 2.049985e-03, -8.348402e-03,
7.571901e-03, -1.319039e-01, -7.933278e-03, -6.338243e-03, -4.268079e-03, -1.126306e-02, 1.092936e-02, -1.225344e-02,
-1.581333e-01, -3.616081e-03, 3.987022e-03, 7.409619e-03, -5.132093e-03, -5.110674e-03, -1.899178e-03, -8.125712e-02,
-1.364106e-02, -4.681352e-02, 2.472791e-02, 3.659747e-02, -1.071463e-03, -7.497824e-03, -8.013003e-03, -1.044959e-01,
5.352440e-02, 6.101433e-03, -6.461911e-03, -2.600874e-02, -4.944720e-03, -2.895500e-02, 5.816856e-02, 1.494996e-02,
-6.585204e-03, -1.190808e-02, 1.442465e-02, 1.571152e-03, -2.853268e-03, -1.074651e-01, 1.458540e-02, -9.705755e-03,
1.888153e-03, -1.670304e-03, -1.568238e-03, -2.008346e-02, 3.952256e-02, -2.926141e-04, 6.747236e-04, 7.829378e-03,
-7.506394e-03, -1.222899e-03, 1.116756e-02, 2.395972e-02, -1.848157e-01, 6.273648e-02, 3.828355e-02, 6.288443e-02,
-1.086678e-02, 4.559680e-03, -4.802196e-02, 5.219151e-02, 1.135483e-02, 4.610256e-02, 2.340014e-03, 7.294187e-03,
-5.395695e-03, 9.037733e-03, 3.760827e-02, 1.009000e-02, 4.884379e-03, 7.769456e-04, 1.777717e-03, 5.636712e-03,
5.363191e-04, -5.191109e-03, -4.036028e-03, 8.551429e-03, 5.703595e-04, -5.459614e-04, 4.553989e-03, -4.818785e-03,
-1.345111e-02, 6.581978e-03, 1.052743e-03, 1.898543e-03, -6.811032e-04, 1.353601e-02, 5.897913e-04, 9.465561e-02,
-3.606157e-02, 1.295417e-02, -3.832307e-02, 7.589217e-03, -2.021661e-02, 1.736426e-02, -1.562583e-02, 4.703686e-03,
-1.373121e-02, -2.099641e-03, -8.268807e-05, -2.269896e-03, -3.449556e-02, 1.618884e-02, -3.931396e-02, -1.660781e-03,
5.280104e-02, 9.740054e-03, 9.348810e-04, 7.566811e-04, -5.349437e-03, -2.957815e-02, 3.255124e-02, 3.504031e-03,
1.010995e-03, -3.923819e-03, 1.157834e-02, 2.260906e-02, -1.446968e-01, 2.465575e-03, 7.423772e-03, -1.042534e-03,
6.315108e-03, 4.100358e-04, 7.009660e-03, -4.545742e-03, -2.766672e-02, 2.404697e-02, -3.469554e-02, 1.038284e-02,
-1.471959e-02, 6.263787e-03, 2.044914e-03, 2.193668e-03, -9.002929e-04, -6.262783e-03, 1.581701e-02, -9.991130e-03,
-1.879114e-02, 2.122688e-02, -3.035545e-02, 1.290836e-02, -4.301730e-02, -1.119715e-03, -6.670911e-04, 1.192791e-03,
1.342507e-03, 6.371016e-03, -3.688625e-03, -5.858447e-03, -9.483837e-03, 3.399974e-03, -3.053619e-03, 9.961276e-03,
-7.318992e-02, 3.811147e-03, 3.001315e-03, 7.454493e-04, -4.224651e-03, -9.355457e-03, 1.486395e-02, 1.292099e-02,
2.491911e-02, 1.010562e-02, -5.028765e-02, -1.758503e-02, 1.998451e-02, -1.371338e-02, 1.084344e-02, 1.004158e-02,
-5.507355e-02, 3.781866e-03, -1.493260e-03, -4.858359e-02, 1.870376e-02, 3.031293e-02, -1.392678e-01, -4.517373e-03,
-3.234376e-02, -3.467967e-02, -5.766567e-03, 8.781746e-04, -1.497187e-04, 4.806911e-02, -1.431804e-02, 1.214061e-03,
1.071542e-03, 3.004135e-03, -1.712298e-02, -2.215058e-02, -6.288162e-02, -1.299959e-02, 6.943159e-04, -8.710643e-03,
-7.579311e-03, -5.932744e-03, -7.553322e-03, -5.316227e-02, 2.881213e-02, -3.357741e-02, 6.243489e-04, -3.371408e-02,
-2.824893e-02, -1.185649e-02, 3.523340e-02, -1.160457e-01, 6.626841e-03, -2.978903e-02, -2.654991e-02, -5.379498e-03,
1.841245e-02, -5.678309e-02, 4.963657e-03, -1.848364e-02, -1.050752e-02, -6.377758e-03, -4.922849e-03, 4.854955e-03,
-6.973995e-05, -1.488964e-02, 1.002264e-02, -5.161729e-03, -6.159762e-03, 2.226013e-04, -2.673741e-03, -1.290543e-04,
3.115292e-02, -1.083878e-02, 2.149831e-03, -4.144184e-04, -1.746659e-03, -1.084850e-02, -5.060274e-03, -7.961068e-02,
2.814914e-01, 9.276408e-02, 1.027031e-01, 1.273858e-01, 1.103994e-01, 1.336742e-02, 9.621748e-02, 2.289049e-01,
1.414177e-01, -2.749998e-02, -1.267907e-02, 5.142834e-02, 7.927257e-02, 9.872869e-02, 3.301445e-01, 3.236705e-02,
-1.260387e-01, 7.033420e-02, 3.317407e-02, -2.279003e-03, -1.830604e-03, 3.919193e-01, 1.017476e-02, -5.974860e-03,
2.392213e-02, 5.659813e-04, -3.681928e-02, 1.712166e-02, 4.061596e-01, 2.871823e-02, -1.163801e-02, 2.038353e-02,
2.130978e-02, -5.494356e-05, 4.035909e-02, 4.564056e-01, 5.129949e-03, -6.615297e-03, -7.239713e-03, -5.941455e-03,
-2.929042e-03, -8.489497e-03, 1.437161e-02, -3.479236e-02, -1.813920e-02, -7.355396e-03, -7.258389e-03, -7.242396e-03,
9.546233e-03, -2.349213e-02, -2.008996e-02, -4.520213e-03, 1.261740e-03, 1.104168e-02, 7.168042e-04, -1.889002e-03,
2.987671e-04, -4.027336e-03, -3.113581e-03, -4.472991e-03, -6.388100e-05, 2.509947e-04, 2.929591e-03, -3.162717e-03,
-1.819800e-03, 1.077364e-02, 1.194912e-03, -2.202252e-03, -9.391901e-04, -1.155536e-03, -3.576198e-03, -5.746093e-02,
2.699823e-02, -1.524351e-02, -3.030379e-02, 3.704836e-03, -7.120600e-03, 4.068187e-02, 2.858634e-02, -4.716362e-02,
-4.155897e-02, -4.695956e-03, -1.868525e-02, 4.043423e-02, 2.879951e-02, -2.105805e-02, -8.187842e-02, -1.236778e-02,
-9.103072e-03, 5.680087e-03, 3.474950e-03, 3.089509e-03, -1.381085e-03, 1.047970e-02, 1.858346e-02, 1.040579e-02,
-2.871884e-03, -1.762030e-03, 9.754215e-03, 1.796558e-02, -5.949232e-03, -4.497318e-03, -3.947333e-03, 6.807493e-03,
2.030747e-03, -3.020693e-03, -1.107046e-03, -8.449857e-02, -2.221439e-02, 1.418305e-02, -2.609807e-02, 2.239384e-02,
4.440851e-02, -1.344059e-02, -1.097612e-02, 1.767929e-02, -6.590440e-03, 1.958663e-02, 8.602618e-03, -1.385117e-02,
-1.618880e-02, 2.008601e-02, -5.515745e-02, 1.427991e-02, 3.069459e-02, -1.152507e-02, 7.152392e-03, 5.660013e-03,
-2.628066e-03, 6.850703e-03, -1.039368e-02, 1.695264e-02, 1.302190e-02, -3.953459e-03, 5.427749e-03, -1.403949e-02,
-7.357334e-02, 4.402487e-03, -1.824881e-04, -3.832206e-04, -2.448080e-03, 9.781235e-03, 1.596226e-04, -3.356329e-04,
-2.218169e-02, -5.732162e-02, 3.168628e-02, -3.699180e-02, 2.203765e-02, 3.181181e-03, -6.934662e-03, -1.113975e-01,
4.176192e-02, -2.024663e-02, 2.109276e-02, -6.741791e-03, -1.131829e-02, -4.963507e-02, 3.975158e-02, -1.261848e-02,
2.046980e-02, -1.058629e-02, -3.089080e-03, -7.530444e-03, 2.524813e-03, -1.105858e-01, 3.511606e-03, 1.346274e-02,
1.895540e-03, 3.673399e-03, 1.786380e-03, 5.867485e-03, 4.214453e-02, -6.256662e-03, 3.653787e-03, 2.603390e-03,
-2.506621e-03, 1.215213e-02, -1.420197e-02, -2.183566e-02, -1.013183e-01, 3.123601e-02, -1.925092e-02, -3.057809e-03,
7.725171e-02, -5.953861e-04, -2.127610e-02, 3.735185e-02, -2.795757e-02, 1.366704e-02, 3.259543e-02, -2.095808e-02,
-5.224140e-02, 3.177917e-02, -6.763596e-02, 1.620684e-02, 9.995209e-02, 5.693781e-04, -1.090434e-02, 2.934417e-03,
-5.702118e-03, -1.195562e-02, 1.502467e-02, 3.162961e-02, 2.271110e-02, -2.433878e-03, 1.336766e-02, -4.208161e-03,
-1.151476e-01, 3.341210e-03, 2.999524e-03, 1.015360e-04, -1.270033e-03, 4.730079e-02, -9.278201e-03, 5.950003e-03,
-1.480425e-01, 3.428655e-02, 1.927306e-02, 2.772332e-02, -2.420452e-02, 9.925727e-03, -5.051033e-02, 2.767762e-02,
5.513802e-03, -2.118095e-02, -1.121451e-02, 1.059664e-02, -5.710150e-02, 1.932275e-02, 5.010049e-03, 1.158353e-02,
-2.548689e-02, -9.265073e-03, 1.536555e-02, 1.983331e-03, -4.087891e-03, -6.864701e-02, -4.386569e-03, -2.323686e-02,
-1.277219e-02, 2.626937e-03, -1.318985e-02, -2.449987e-03, -8.606202e-02, -5.615226e-03, -2.014078e-03, 1.889230e-03,
-4.951782e-04, -1.802323e-02, -5.128039e-03, 4.718720e-02, -3.858664e-02, 7.221266e-03, 2.025956e-03, -2.449152e-02,
-6.053279e-02, -1.935235e-03, -1.231500e-02, 8.527319e-03, -9.386047e-03, -1.189969e-02, -4.189516e-02, -2.676805e-02,
7.841448e-03, 9.136162e-03, -4.464272e-02, -9.804770e-03, -7.608686e-02, -1.997523e-02, -6.467858e-03, -5.005848e-03,
-1.121920e-03, -4.609407e-03, -8.991618e-03, -3.015632e-02, -8.473112e-03, 4.229306e-03, -1.552145e-02, -3.312785e-03,
-2.896455e-02, -7.281030e-03, 3.202856e-03, -7.718774e-03, -6.534145e-03, -2.763738e-02, -1.046202e-02, 1.014797e-02,
-2.169253e-02, -2.968755e-02, 8.212629e-03, -4.006561e-03, 1.557094e-02, -4.735547e-03, -2.232995e-02, -2.559911e-02,
8.339761e-03, 1.197657e-02, 1.692804e-02, -4.908062e-03, -1.256432e-02, -1.386426e-02, 5.558846e-03, -4.310556e-04,
1.735737e-02, 2.641272e-03, 4.428843e-03, -8.439049e-04, -3.326989e-03, -9.522735e-02, -1.846156e-03, 1.166678e-02,
2.064848e-03, 2.519780e-03, -5.074287e-04, 2.992483e-03, -1.032426e-02, 1.310891e-03, -1.133648e-03, 1.004619e-04,
8.081674e-04, 1.293352e-02, 8.652085e-04, -2.451725e-02, -7.452045e-03, -1.503057e-02, -2.772219e-02, -2.764151e-03,
-1.882104e-02, 2.121587e-02, -1.733923e-02, -2.739406e-03, -2.334487e-02, 1.091299e-02, 1.612661e-05, -1.373723e-02,
-2.335925e-02, -1.318739e-02, -2.061047e-02, 1.443575e-02, 1.444137e-02, 2.356752e-02, 1.116603e-03, -2.443035e-03,
4.771167e-03, -5.784363e-02, 1.664994e-02, -5.922639e-03, 4.969809e-03, -6.651311e-04, -6.329432e-03, 1.415294e-02,
-7.579860e-02, 9.904995e-03, 8.698910e-04, 3.245454e-03, 3.613334e-03, -3.849081e-03, 1.094120e-02, -5.921720e-02,
-1.513616e-02, -2.485268e-02, 8.331386e-03, -7.854085e-03, -6.280306e-03, -1.097708e-02, -1.865788e-02, -2.318878e-02,
8.960318e-03, -7.055237e-03, -1.184305e-03, 1.032718e-03, -5.441935e-03, -8.069773e-03, 1.330037e-03, -1.133333e-03,
-4.400787e-03, 6.240387e-04, 2.360620e-03, -2.546113e-03, -2.118092e-05, -4.596049e-02, -7.927260e-03, -5.614685e-03,
1.624810e-03, 2.278565e-04, -5.213773e-04, -6.512568e-03, -5.445505e-03, 3.247310e-04, -1.627469e-03, 8.526070e-04,
2.110223e-04, 4.087114e-03, 2.360701e-03, -6.044508e-03, 5.972803e-03, -8.317076e-02, 4.548141e-02, 1.944890e-01,
-3.371230e-02, -2.340587e-02, 5.727660e-03, -1.537186e-01, 5.802805e-02, 8.525599e-02, 7.498879e-03, 6.288314e-03,
4.056324e-03, -6.692660e-02, 7.396126e-02, 5.246353e-02, 3.902317e-02, 2.558066e-02, 1.980411e-02, 1.682029e-02,
-1.207375e-02, -1.945384e-01, 2.200613e-03, 1.379562e-02, -4.393935e-03, 2.965837e-03, 7.769436e-03, -1.325793e-02,
1.046640e-01, 4.444842e-02, -7.026822e-03, -9.847022e-03, 3.845828e-03, 1.892815e-02, 2.811643e-02, -3.622393e-02,
5.135478e-02, 2.331192e-02, -6.496326e-02, 3.926520e-02, -2.311660e-02, -5.778166e-02, 1.947120e-02, 7.543332e-02,
-7.422064e-02, -5.351434e-02, -8.738056e-04, -5.078057e-02, 4.195205e-02, 7.050952e-02, -2.060405e-01, -1.374078e-02,
-6.055275e-02, -1.065863e-01, 2.408600e-03, -1.076035e-02, -3.314112e-03, 1.230233e-01, -3.229852e-02, -2.315843e-02,
-6.005311e-03, 7.808640e-03, -3.384223e-02, -1.265930e-02, -7.321541e-02, -2.368236e-02, -1.152532e-03, -1.232943e-02,
-1.286768e-02, -1.650223e-02, -6.435092e-03, -1.830290e-02, 1.794090e-02, -2.956897e-02, -4.074911e-02, -2.214616e-02,
1.903015e-04, -4.109560e-03, 3.408792e-02, -7.750858e-02, -7.648553e-02, -2.057252e-02, 6.865134e-04, -2.921959e-02,
2.844749e-02, -6.031856e-02, -8.474861e-02, -1.779679e-02, 7.339814e-03, -4.487494e-02, -4.694253e-03, 7.361190e-03,
-1.583853e-03, -2.194622e-02, -1.009061e-02, -3.420202e-03, -2.635415e-03, 1.298302e-03, 1.237763e-02, -7.284124e-03,
-7.347360e-03, -1.761587e-02, 5.701372e-03, 1.763224e-03, -1.409682e-02, 1.563591e-02, -2.526408e-02, -2.635298e-01,
2.345523e-01, 9.846739e-02, 6.438223e-02, 5.054633e-02, 8.971716e-02, 7.649213e-02, 1.075790e-02, 5.796828e-01,
4.486501e-02, 7.598497e-02, 1.460943e-02, 6.051189e-02, 3.010791e-02, 1.640542e-01, 2.598768e-01, -9.191377e-02,
-1.718104e-02, -1.002515e-01, 9.633051e-03, 2.621851e-02, -1.585554e-02, 3.535405e-01, 2.088168e-02, 3.440617e-02,
2.594270e-02, 9.252758e-03, -1.461902e-02, 7.068165e-02, 2.334595e-01, -8.514407e-02, 7.519943e-03, 2.619979e-02,
-2.317647e-02, 2.959516e-02, -2.415736e-02, 4.752555e-01, 6.199951e-02, -4.810257e-02, 3.324628e-02, -1.261166e-01,
5.738177e-02, 1.635393e-02, 3.785095e-02, -1.998631e-01, 5.700099e-02, -5.163000e-02, 9.093670e-03, -2.174851e-02,
6.228574e-03, -5.310989e-02, 1.197917e-01, -3.390271e-03, 2.134300e-03, -7.034999e-03, -1.204027e-02, 6.097528e-04,
3.653925e-04, -7.677414e-02, -3.155764e-02, 3.339189e-02, 1.102086e-02, 7.319482e-03, -5.347625e-03, -4.590634e-03,
1.580949e-01, -1.453652e-02, -3.117797e-03, -7.688198e-03, 6.900604e-03, 5.479807e-02, -2.714292e-02, -1.908231e-02,
1.483275e-02, -5.418755e-02, 2.235017e-02, -6.444524e-02, -7.579212e-03, 5.766864e-04, 4.262816e-03, -1.307458e-01,
2.671211e-02, -8.455679e-02, 2.630676e-04, -2.018913e-02, 4.140375e-03, -2.274887e-02, 4.425462e-02, -3.109968e-02,
3.830944e-03, -3.069700e-02, -2.522408e-02, -1.212185e-02, 4.698215e-03, -1.178576e-01, -4.570338e-03, 1.304969e-02,
4.307603e-04, -2.996034e-03, 3.907607e-03, -8.581198e-03, 6.975385e-02, -3.094585e-02, 3.450053e-03, -2.493606e-03,
-7.405572e-03, -8.980342e-03, -1.969660e-02, -1.889527e-02, -1.243858e-02, 2.794468e-02, -2.214581e-02, 9.614694e-02,
-5.749983e-02, 2.593687e-02, -2.098504e-03, 2.755937e-02, -2.309675e-02, 7.463815e-02, -4.287393e-02, 6.913343e-02,
1.544816e-02, 5.131525e-02, -1.050715e-01, 3.096075e-02, -6.082185e-02, 5.708650e-02, 1.925643e-02, 1.578870e-02,
-3.364120e-03, 6.457766e-02, 4.208213e-02, -3.059997e-02, -2.082467e-02, 1.204729e-02, -2.138392e-02, 6.246342e-02,
-3.783060e-02, 1.961485e-02, -9.543377e-03, 2.155092e-02, 1.676306e-02, -4.385938e-02, 3.567017e-02, 5.272228e-03,
-1.387481e-02, -3.113209e-02, -4.290141e-02, 3.903175e-03, -2.864472e-02, 3.478038e-02, -3.577608e-02, -2.764702e-02,
-4.175371e-02, 4.497550e-02, -6.938439e-03, 6.482140e-02, -2.764494e-02, -3.739366e-02, -3.203031e-02, -1.268399e-02,
3.597065e-02, 3.303411e-02, 3.751668e-03, 1.261190e-03, -5.470200e-04, -1.047581e-01, 3.370821e-02, -1.913412e-03,
1.392818e-03, 9.813263e-03, -1.954624e-03, 6.062402e-02, -1.413548e-01, -3.616872e-02, -1.525873e-04, 1.231395e-02,
8.401974e-03, 9.570478e-03, -1.783867e-02, -1.492422e-01, -4.690052e-02, -5.035957e-02, 4.327769e-03, 6.240498e-02,
-4.444198e-03, -1.986836e-02, -4.534083e-02, -3.294671e-02, -2.890540e-03, -6.518555e-02, 1.566390e-03, -2.014996e-02,
-2.962348e-02, -2.731336e-02, -5.842029e-04, -3.695486e-03, 1.601097e-02, -5.657951e-03, 4.466223e-03, 1.152696e-02,
-1.382805e-02, -2.363502e-01, -2.358933e-02, -2.800953e-03, -9.402437e-04, 4.501002e-03, -9.266803e-03, -3.285625e-02,
-6.752698e-02, -1.330802e-02, -4.047133e-03, 4.887526e-04, -4.324670e-03, 5.931197e-04, -1.656515e-02, -4.391704e-02,
7.780798e-03, -1.443019e-02, -1.917357e-02, -2.463034e-03, -4.526104e-03, -1.683924e-03, 9.338805e-03, -3.666783e-02,
-4.028198e-02, -2.098897e-02, 1.052314e-02, 6.573658e-02, -3.353275e-03, -3.589170e-02, -1.886852e-02, 4.682988e-04,
9.546907e-03, 1.681247e-02, -2.771992e-04, 1.433804e-03, -7.015668e-03, -2.757034e-02, 9.614486e-03, 2.704157e-03,
8.880901e-04, 2.009148e-03, 2.439732e-04, 6.883703e-03, -1.320806e-02, 3.506391e-04, -3.871854e-03, 6.662091e-03,
9.111516e-03, 2.403625e-02, -9.561816e-03, -1.359545e-01, -2.823859e-02, 2.285654e-02, -3.658756e-02, 1.253769e-02,
1.409481e-02, -1.184997e-02, -1.230212e-02, 1.312718e-02, -1.426982e-02, 1.159811e-02, -3.674499e-03, -1.401205e-02,
-3.283404e-02, 2.389301e-02, -3.209303e-02, -4.744076e-03, 9.360642e-03, -1.554169e-02, 2.954115e-04, 7.564905e-05,
-1.567711e-03, 3.104331e-02, -3.735128e-03, 7.066748e-03, 3.904856e-03, -6.559723e-04, -1.728532e-04, 1.118264e-03,
-7.867359e-02, -9.023022e-03, -1.956018e-03, -7.259579e-03, 2.403936e-03, 1.048646e-02, -2.622248e-03, 3.399687e-02,
-1.309144e-01, -6.954681e-05, 4.985583e-02, -5.225322e-02, 2.163268e-03, 8.926781e-03, -5.586398e-02, 4.098621e-03,
2.663918e-02, -3.753100e-02, -1.083565e-03, 2.781627e-02, -2.774609e-02, -2.828915e-03, 3.705667e-02, -3.952736e-04,
4.856107e-03, -9.180856e-03, -1.265311e-02, 9.443077e-04, 1.759769e-05, -1.306450e-01, -8.254658e-03, -6.181407e-04,
-1.769465e-02, 3.118043e-03, -3.436476e-03, 8.504712e-03, -1.005055e-03, -1.149367e-02, 3.040950e-03, -7.025264e-04,
-2.648452e-03, -2.074700e-02, -5.108197e-03, 5.462385e-02, -1.155784e-01, 3.738805e-02, 7.412813e-03, -1.943495e-02,
2.546976e-02, 2.729180e-02, -4.005222e-03, 3.774749e-02, 1.757142e-03, -3.382807e-02, 1.558320e-02, -1.733992e-02,
-2.177812e-02, 1.926104e-02, 1.956250e-03, -1.512069e-03, -2.339203e-02, -5.215927e-03, -6.450523e-03, 1.653797e-05,
1.392910e-03, 4.105983e-02, 1.308790e-03, -1.321236e-02, 2.425706e-03, -1.176324e-04, -6.857865e-03, 2.422155e-02,
-5.123159e-02, -1.894753e-02, -5.346604e-04, -6.501145e-03, 6.033079e-03, -6.739882e-03, 4.219828e-03, 7.144124e-02,
1.502545e-02, -5.690229e-02, 2.633773e-02, 6.151571e-03, -2.771410e-02, -2.462893e-03, 9.796033e-03, -1.649064e-01,
5.345644e-02, -7.222311e-02, -3.101550e-02, -2.100145e-02, 2.230221e-03, -4.405738e-02, 4.509951e-02, -2.184378e-02,
2.125183e-02, -2.476554e-02, -4.605753e-03, -2.529014e-02, 4.050430e-03, -1.150775e-01, -2.500859e-02, -1.087448e-02,
-3.157832e-03, 1.223859e-02, 2.271768e-03, 1.952169e-02, 9.012979e-02, -1.223707e-02, -3.286435e-04, -1.459716e-02,
2.389707e-04, 2.786887e-03, -8.930756e-03, -1.149296e-02, 3.438072e-02, 6.420186e-03, -3.808398e-02, -7.739402e-04,
9.739912e-03, 3.453558e-02, 2.429172e-02, 1.518854e-02, -6.081696e-02, -2.751177e-02, -9.178649e-03, 9.282116e-02,
4.292680e-02, 2.244071e-02, -1.541598e-01, 4.853024e-03, -1.762234e-02, 1.147916e-01, 6.042339e-05, 2.084864e-03,
-2.523392e-03, 6.049524e-02, 2.809027e-02, 5.434908e-03, -2.277448e-03, 5.405874e-03, -1.970678e-02, 3.111537e-02,
-3.367048e-02, 1.805851e-03, -9.369183e-03, 6.681618e-03, 2.932344e-02, -7.873392e-03, -4.311846e-03, -1.143507e-01,
3.903529e-02, -2.191922e-02, -5.193857e-02, 3.588300e-02, 7.809365e-03, 6.366948e-02, 4.489709e-02, -6.038916e-02,
-8.419523e-02, -6.113090e-03, -1.439338e-02, 9.617717e-02, 5.044371e-02, -4.407849e-02, -1.330074e-01, -1.305519e-02,
1.679106e-02, 9.535138e-02, -2.113224e-03, 1.259800e-02, -4.385966e-03, 4.215936e-02, 4.824682e-02, -1.512364e-03,
-7.708296e-03, 9.573685e-04, 2.295344e-02, 3.898514e-02, -7.154941e-03, -2.625420e-02, -1.737517e-02, 9.019662e-03,
3.398813e-02, -1.476380e-02, -2.153615e-02, -2.808925e-01, 3.748286e-02, -1.712659e-02, 9.002574e-03, -3.999108e-02,
7.389959e-03, -6.538895e-03, 1.486515e-02, -9.769798e-02, 2.841777e-02, -4.826402e-02, -8.853424e-03, -3.980554e-02,
5.417819e-03, -2.616935e-02, 5.304334e-02, -1.322203e-02, -1.905923e-02, -2.918410e-02, -3.895734e-03, -9.758250e-03,
-2.468605e-03, -2.587640e-02, 3.368708e-03, 9.448203e-03, 2.070842e-03, -7.964776e-04, -3.782822e-03, -7.383601e-03,
7.175464e-02, -3.917855e-03, 4.084674e-03, -9.186523e-03, -5.304618e-03, 5.015888e-03, -2.435005e-02, -4.298531e-03,
3.093663e-01, 7.746848e-02, 1.034673e-01, 1.081742e-01, 1.025519e-01, -1.052396e-01, 5.764905e-02, 3.979745e-01,
5.021422e-02, -3.379146e-02, -4.223904e-02, -4.444391e-02, 6.696478e-02, 4.829469e-02, 3.961585e-01, 1.198132e-02,
1.824806e-02, 1.006934e-01, 2.259819e-02, -1.230547e-02, -5.078796e-03, 3.467852e-01, -7.978248e-02, -3.172710e-02,
2.785917e-02, -1.991702e-02, -1.066976e-03, -8.050233e-02, 4.163868e-01, -5.495288e-03, -2.827989e-02, -1.168070e-02,
3.736926e-02, -2.760250e-02, -6.892878e-03, 3.234137e-01, -1.787013e-02, -3.032076e-02, 1.860799e-02, 5.434521e-02,
-6.137496e-03, -4.722880e-03, -1.111248e-02, -7.722234e-02, 2.239343e-02, 4.458838e-02, 1.416125e-03, -9.599405e-05,
-6.288423e-03, -2.949335e-03, 1.798242e-02, 1.003325e-02, -4.634833e-03, -5.407547e-03, 1.404407e-02, 3.165486e-03,
-4.406488e-03, -9.470831e-02, -9.324581e-03, -9.825541e-03, 5.728707e-04, 2.389055e-03, -6.977442e-04, 8.680560e-03,
3.127903e-02, 9.096290e-03, 3.916204e-04, 1.873579e-03, -6.382781e-04, -9.546646e-03, 2.854930e-03, -1.565479e-03,
-2.877542e-02, 2.038813e-02, -2.595672e-02, -2.693662e-02, -7.307491e-02, -3.212634e-02, -8.954728e-03, 3.631225e-02,
-3.269126e-02, -2.214308e-02, -3.996638e-02, -2.743347e-02, 3.577790e-03, 1.782424e-02, -8.236457e-02, -4.120362e-02,
-8.225628e-02, -3.493312e-02, -1.201409e-02, -6.721739e-03, 3.827723e-03, 3.809682e-02, -1.408359e-02, -3.625286e-02,
-2.291447e-02, 6.496951e-03, -1.910143e-02, -2.796234e-02, -7.485524e-02, -3.249951e-02, 8.288348e-03, -1.735748e-02,
-1.352292e-02, -4.971800e-02, -3.233895e-02, -2.792861e-02, -2.640842e-02, -1.340203e-02, -4.777303e-02, -3.483993e-02,
-5.976563e-02, -1.754504e-02, -1.221239e-02, -1.221015e-02, -5.247095e-02, 2.363709e-03, -1.515330e-02, -1.024470e-02,
-2.336691e-02, -2.965008e-02, -5.863641e-02, -3.500007e-02, -3.376924e-03, -5.390618e-02, 7.210661e-04, -4.297476e-03,
-4.875626e-03, -4.290648e-02, -1.006766e-02, -2.534276e-02, -4.046447e-03, -2.926541e-03, -3.256679e-03, -4.721175e-02,
-1.561590e-01, -3.570004e-02, -4.696460e-03, -1.469551e-02, -2.440193e-03, -3.958851e-02, -4.567456e-02, -1.397056e-01,
-5.864811e-02, -2.351367e-02, -3.633844e-03, 2.099671e-02, 2.614573e-02, 1.924287e-02, -4.983765e-02, -2.525351e-02,
9.517538e-03, -5.017881e-02, 3.010142e-02, 3.658895e-03, -4.843927e-02, -1.125256e-02, 1.142809e-03, -2.886123e-03,
3.950737e-02, 6.373420e-03, 1.407382e-03, -1.150851e-02, 4.373034e-03, -1.408484e-01, 2.986640e-03, -4.459706e-03,
1.217920e-02, -1.657031e-03, -1.588159e-03, 1.888838e-02, -8.710346e-02, -7.943403e-03, 8.649803e-03, -1.193151e-03,
5.250639e-04, 1.152878e-02, -1.475660e-02, -1.592442e-02, 1.112490e-02, -2.999770e-03, -2.864644e-02, 1.027470e-02,
2.553514e-02, -1.745885e-02, -1.797432e-03, 6.222478e-03, -2.404928e-02, -4.457156e-03, 2.178599e-03, -6.744149e-03,
-1.102206e-02, 8.320686e-04, -6.099585e-02, 2.723068e-02, 4.112025e-02, -5.923960e-02, -7.342686e-05, -7.531615e-04,
5.902604e-03, 1.316371e-03, -2.535411e-02, 2.027591e-02, 4.296201e-03, 1.154654e-04, 8.317882e-03, -2.122229e-02,
-4.960810e-02, 1.036031e-02, -1.629285e-03, -9.479500e-03, -1.113753e-02, 2.413502e-02, 2.463502e-02, -7.200446e-02,
-1.395874e-02, 3.576131e-03, -2.295318e-02, 5.790865e-03, 6.654958e-03, 2.617996e-02, -1.636410e-02, 9.905391e-04,
-8.458437e-03, 7.228760e-03, 1.085404e-04, 1.338619e-02, -3.036652e-02, 7.344759e-03, -1.825562e-02, 9.930727e-03,
5.927917e-03, 6.658740e-03, 8.767113e-04, -2.099586e-03, 4.629696e-03, -2.113878e-02, 1.817143e-02, 9.411299e-04,
2.225121e-03, -2.723692e-03, 7.775323e-06, 4.708683e-03, -5.338722e-02, 1.285406e-03, 5.227610e-03, -8.664912e-04,
1.670181e-03, 1.814709e-03, 2.530348e-03, -1.982732e-02, -1.988104e-01, 4.033056e-02, 6.496369e-02, 2.427706e-02,
9.820078e-03, -5.384141e-02, -7.116034e-02, 4.442897e-02, 2.365645e-02, 2.748700e-02, 2.076524e-02, 2.815930e-02,
-4.802887e-02, 8.776878e-03, 6.144118e-02, 2.515320e-02, 1.285248e-02, -3.747785e-02, -6.872775e-03, -9.909445e-05,
8.807657e-04, -8.052966e-02, -1.981657e-02, -1.836299e-02, -2.744732e-02, 7.323014e-03, -4.143268e-03, 1.459014e-03,
-8.807709e-03, -9.793787e-03, 7.968610e-03, 5.384153e-03, -1.125530e-02, 1.997325e-03, 6.798463e-03, 1.073722e-01,
-4.875492e-02, 2.526841e-03, -4.429467e-04, 3.595182e-02, 2.231848e-02, -3.260089e-02, -1.815384e-02, 4.575833e-03,
-1.033360e-03, 1.753575e-02, 1.909769e-02, -1.600732e-02, -1.914448e-02, 1.041984e-04, 5.660955e-03, 4.203988e-03,
7.109315e-03, -1.847192e-02, 9.138329e-03, 8.057241e-04, -3.084236e-03, -4.597393e-02, -2.932641e-02, -2.129001e-04,
6.218279e-03, -1.927173e-03, 2.027744e-04, -3.068073e-02, -3.598827e-02, 3.293969e-03, -1.161137e-02, 8.271972e-04,
1.365308e-03, 2.710761e-02, 2.112789e-02, -3.743641e-03, -2.458044e-01, 6.565076e-02, 6.378774e-02, 3.730568e-03,
2.199625e-02, -2.079967e-02, -7.935323e-02, 6.464135e-02, 3.044286e-02, 1.601656e-02, 1.590340e-02, 2.897085e-02,
-6.598728e-02, 2.909993e-02, 6.262017e-02, 1.015642e-02, 2.855311e-02, -1.132023e-02, 2.026872e-02, 5.378018e-03,
-3.293058e-03, -1.845824e-02, -5.415838e-04, 7.499399e-03, 3.270180e-02, -7.194237e-03, 5.938040e-03, 8.748112e-03,
-1.919924e-02, 1.194354e-02, 8.033980e-03, 1.835270e-03, -1.184068e-04, 1.131013e-02, -4.897822e-04, 1.536242e-01,
8.393726e-03, -2.180756e-02, -2.342972e-02, -1.587810e-02, -3.081215e-03, -1.324107e-02, -2.864852e-03, -2.279284e-02,
-3.398395e-02, 1.232506e-02, -1.410655e-02, -5.432865e-03, -3.754384e-03, -3.018980e-02, -2.474439e-02, -6.789638e-03,
-2.359393e-02, -7.736094e-03, 5.017496e-04, -9.050524e-04, -1.367464e-03, -3.422382e-02, -6.744153e-04, -1.349077e-02,
-2.591997e-03, -3.829077e-03, -2.713632e-03, -6.521965e-03, -3.868228e-02, -2.782959e-02, 3.883254e-03, -4.140666e-03,
-4.413237e-03, -3.653311e-03, -1.500433e-02, -1.279603e-01, -3.565534e-02, 2.389409e-02, -4.438706e-02, 4.358878e-02,
1.745489e-02, -2.392525e-02, -3.173556e-02, 3.413795e-02, -4.044918e-02, 4.069641e-02, 4.081223e-02, -5.380734e-02,
-3.461752e-02, 3.465639e-02, -1.043332e-01, 4.087450e-02, 1.074672e-01, -5.595406e-02, 1.045445e-02, 6.161822e-03,
-5.119278e-03, 1.232264e-02, -1.411539e-02, 5.415230e-02, 1.338307e-02, -6.133630e-03, 2.916145e-02, -1.732423e-02,
-1.354337e-01, 2.082519e-02, 1.093734e-03, -1.024985e-02, -9.811176e-03, 3.976282e-02, 5.652600e-03, -1.106992e-02,
1.385511e-02, -2.555078e-02, 9.889550e-03, -5.175928e-02, 7.365439e-03, 1.654560e-03, 5.056618e-03, -8.994717e-02,
1.773960e-02, -3.755655e-02, 6.206569e-03, -2.090351e-02, 4.429487e-03, -2.337443e-02, 2.819657e-02, -4.663907e-03,
1.078909e-03, -1.174625e-02, -8.618522e-03, -1.125518e-02, 7.883230e-04, -3.960792e-02, -1.157068e-03, -3.635397e-03,
-2.291352e-04, -6.352044e-03, -4.419472e-04, -1.409485e-02, 4.140828e-02, -2.057682e-02, 5.361242e-03, -9.624174e-03,
-8.779731e-03, -1.134654e-03, -2.473784e-02, -1.368023e-02, -1.706607e-02, -3.231912e-02, 1.822376e-02, 2.120129e-02,
1.003212e-02, -3.605038e-03, -5.543473e-03, -1.163869e-01, 3.232132e-02, 5.229155e-02, 9.545028e-03, 1.098182e-02,
-5.784055e-03, -1.653933e-02, 2.489401e-02, 1.302497e-02, 1.088286e-03, -3.119830e-03, 1.550522e-02, 1.483573e-02,
-6.513656e-03, -7.805237e-02, -3.782506e-03, -6.318867e-03, -7.188591e-03, 5.813170e-04, -1.925211e-03, 2.308111e-02,
3.267269e-02, 7.003197e-03, -1.069466e-03, 4.842901e-03, 6.928990e-04, 2.150968e-04, 2.553230e-03, -1.991975e-03,
4.296586e-01, 7.181908e-02, 6.764709e-02, -6.870900e-02, -1.185140e-01, 3.135641e-02, 1.962713e-01, 2.684933e-01,
1.816749e-02, -2.712798e-02, 1.115749e-02, 5.355601e-02, 1.956586e-01, 2.110791e-02, 2.573433e-01, 6.726067e-03,
-2.438557e-02, 4.969128e-02, -1.725351e-02, -1.214035e-02, 4.947607e-03, 5.146480e-01, 7.647867e-03, -1.476358e-02,
-4.387175e-02, 1.013085e-02, -7.587313e-03, 4.897854e-03, 4.856768e-01, -1.004703e-02, -8.905373e-03, 7.107846e-03,
7.233165e-03, 2.375161e-02, 1.030369e-02, 1.663478e-01, 7.859858e-02, -4.931613e-02, -1.513841e-02, -2.372988e-03,
2.049955e-02, 1.350882e-02, 8.903108e-02, -1.356835e-01, -2.378954e-02, -8.102326e-03, 2.714296e-02, 4.338670e-02,
6.724258e-02, -6.868308e-02, -2.588348e-02, 3.042178e-03, 3.163242e-02, -2.472941e-02, 7.542111e-03, 6.952596e-03,
-3.022327e-03, 4.836346e-02, 1.139315e-02, 2.271711e-02, 1.044731e-02, 3.615967e-04, 7.318260e-05, 1.040091e-02,
1.290617e-01, -3.932642e-03, 6.835809e-04, 8.874315e-03, -5.246179e-03, 3.238182e-02, 6.634377e-03, -2.103389e-01,
-6.968754e-02, 1.613802e-02, -5.000474e-02, -7.566862e-03, -5.249264e-02, 3.857690e-03, -3.133945e-02, 6.702100e-03,
-1.936214e-02, 2.021568e-02, -1.107641e-02, -2.065147e-02, -7.243589e-02, 1.795583e-02, -5.158990e-02, 2.131532e-03,
5.217241e-02, -1.649428e-02, -7.768096e-03, 2.701352e-03, -4.215472e-03, -2.386856e-02, 3.321459e-02, 1.758960e-02,
-8.624653e-03, 6.431417e-04, 9.795498e-03, 1.249072e-02, -2.144719e-01, -5.896566e-03, -4.017651e-03, 3.660044e-04,
1.071577e-03, 2.617503e-02, -3.670434e-02, -3.688632e-02, -1.973640e-01, 4.116016e-02, 3.574442e-02, -3.316418e-02,
-8.920585e-02, 7.544141e-03, -9.588002e-02, 5.893035e-02, 1.826788e-02, -6.271980e-02, -4.424510e-02, 3.523392e-03,
-9.737797e-02, 2.825067e-02, 3.132449e-02, -1.397728e-02, -4.921969e-02, -4.195685e-02, 5.148976e-03, 8.731985e-04,
-1.903933e-03, -6.397909e-02, -1.156441e-02, -5.026005e-02, -2.896422e-02, 1.784157e-03, -1.184082e-02, -8.525915e-03,
-1.143956e-01, -1.391484e-02, -1.120418e-02, 6.508354e-03, -8.985098e-04, -4.103823e-02, -2.315946e-02, 8.572995e-02,
6.710100e-02, 3.176464e-03, -1.544890e-02, -4.913487e-03, -1.155805e-02, -9.496344e-03, 4.882285e-02, 1.318008e-02,
-6.677807e-02, 1.304506e-02, -1.180081e-04, 6.964327e-02, 9.369517e-02, 9.060172e-03, -2.179135e-01, 1.006721e-02,
7.638528e-03, 2.308141e-03, -3.772383e-04, -7.108413e-04, 6.860061e-04, 1.075629e-01, 1.422451e-02, -1.773203e-02,
-1.527784e-03, 5.932873e-04, -1.151283e-03, 1.845834e-02, 1.143076e-02, 8.455835e-03, 3.035514e-03, 2.072513e-03,
-4.927615e-03, 8.683103e-03, 8.558998e-03, -1.408745e-01, -1.834513e-03, -1.198164e-02, -2.077481e-02, 4.874366e-03,
2.364911e-03, -6.483458e-03, -7.830742e-03, -1.180022e-02, -1.747563e-02, 1.250962e-02, 2.285388e-04, -6.869477e-03,
-1.167381e-02, -1.905753e-02, -8.561017e-03, 1.508214e-02, -1.366935e-03, 2.314547e-03, -1.406453e-04, 2.221236e-03,
3.941854e-03, -4.496228e-02, 2.545483e-03, 5.538224e-03, -1.568524e-03, 9.533265e-04, 5.936987e-04, -2.432826e-03,
-2.748254e-02, 9.897622e-03, 9.163861e-05, 1.017895e-03, -1.794479e-03, 1.117873e-02, 1.699435e-02, -7.859410e-02,
-5.722633e-02, -3.457235e-02, 2.725376e-02, -5.369809e-02, 1.327890e-02, -2.449871e-03, -4.952408e-02, -3.818159e-02,
2.699876e-02, -7.054556e-03, 9.320439e-03, 9.797064e-03, -2.128426e-02, -1.176963e-02, 1.631995e-02, -1.704639e-04,
2.135972e-02, -4.759370e-03, -5.829774e-03, -7.296601e-03, 1.608575e-03, -1.459622e-01, -2.443665e-03, 2.459957e-02,
-2.660030e-03, -5.654947e-04, 5.213023e-03, 1.217146e-02, -1.270449e-03, -1.246007e-02, -1.736576e-03, -3.191197e-03,
-1.056205e-03, 1.140201e-02, -1.164924e-02, 1.031180e-02, -2.722648e-02, -1.203062e-02, 4.296473e-03, 2.631016e-02,
-6.030057e-03, 6.537833e-03, -1.607408e-02, -2.431576e-02, 5.054578e-03, 1.965381e-02, -4.997459e-03, 6.782230e-03,
-1.288942e-02, -1.175466e-02, 7.513779e-03, 1.866056e-02, -1.030784e-02, 2.006697e-02, 5.337284e-03, 6.561300e-03,
-8.540450e-04, -3.783381e-02, 3.782685e-03, -8.749708e-03, -1.055319e-03, 8.035883e-04, 1.264858e-03, 3.344878e-03,
-1.188169e-02, 1.815309e-02, 1.293195e-04, -1.185400e-03, -4.467984e-04, -9.036993e-04, 1.165459e-02, -1.981699e-02,
-1.301131e-02, -3.406275e-02, -1.352122e-02, 3.919847e-02, 2.879170e-03, 1.168596e-02, -1.815678e-02, -2.634197e-02,
-1.347576e-02, -1.643875e-02, -2.563690e-03, -1.812887e-02, -1.597592e-02, -3.696274e-02, -8.601829e-03, 5.338087e-03,
-2.397491e-02, 7.748299e-03, 2.891150e-03, -1.894556e-03, 2.981744e-03, -9.257384e-02, 1.137816e-02, -1.439369e-02,
-1.268924e-03, -3.879337e-03, -2.428540e-03, 1.134074e-02, -5.623601e-02, 1.334208e-03, -6.157445e-04, 1.529276e-03,
5.059656e-03, -1.351101e-02, -2.873472e-03, -9.258440e-02, -4.931807e-02, 3.826119e-02, -3.938949e-02, 3.499501e-02,
7.699048e-02, 7.010499e-03, -1.952769e-02, 6.737299e-02, -3.647832e-02, 2.445878e-03, 3.187610e-02, -7.638823e-03,
-6.556176e-03, 4.245928e-02, -7.523039e-02, 1.085201e-02, 4.165486e-02, 2.286594e-03, 9.998724e-04, -3.069248e-03,
-2.826381e-04, 3.785232e-02, -2.926476e-03, 2.612434e-02, 2.212453e-02, -9.720053e-03, 1.425910e-02, -5.103997e-03,
-5.247091e-02, 1.014008e-02, -3.676707e-03, -2.036121e-03, -1.224250e-04, 3.281197e-02, 6.336653e-03, 2.834345e-02,
-3.678889e-02, -8.273136e-02, 4.342271e-02, -5.619442e-02, 3.188621e-02, -1.065799e-02, -4.737792e-03, -1.723222e-01,
6.178805e-02, -6.589961e-03, 1.083077e-02, -3.689404e-02, -1.538927e-02, -7.863984e-02, 6.205177e-02, -2.574609e-02,
-8.229120e-03, -1.869567e-02, -1.366507e-02, 4.793718e-03, 1.595217e-03, -1.555742e-01, 4.319865e-03, 1.725388e-02,
4.660694e-03, -4.623007e-04, -1.731359e-03, 1.072000e-02, 5.098447e-02, -1.694003e-02, 1.216717e-02, -8.798629e-03,
-3.077225e-03, 1.753103e-02, -6.673088e-03, -3.754363e-02, -1.604821e-02, 1.435100e-02, -4.746058e-03, 3.358672e-02,
-3.134760e-02, 9.290498e-03, 1.137711e-03, 2.175650e-02, -8.635640e-03, 3.177368e-02, 1.288914e-03, 3.768921e-02,
1.505153e-02, 2.271086e-02, -6.396609e-02, 7.745062e-03, -2.517121e-02, 4.114365e-02, 4.531256e-03, 4.820762e-03,
2.973727e-03, 1.610114e-02, 1.366170e-02, -6.780452e-03, -8.638118e-03, 1.739356e-03, -1.419344e-03, 2.422004e-02,
-1.027295e-02, 9.563869e-03, -5.365564e-03, 8.276460e-03, 1.692233e-02, -8.400447e-03, 1.281758e-02, -5.897251e-03,
-4.470039e-02, 2.342116e-02, -1.784682e-02, -9.638779e-03, -7.725424e-02, -1.283831e-02, -2.501903e-03, 4.299756e-02,
-2.304449e-02, -2.298148e-02, -4.606268e-03, -2.617224e-02, 1.466885e-02, 1.998458e-02, -1.033261e-01, -2.085672e-02,
-6.119522e-02, -2.186163e-02, -5.435603e-03, -4.280264e-03, 6.643522e-03, 2.826380e-02, -3.307785e-03, -1.816512e-02,
-2.235296e-02, 4.994129e-03, -1.000674e-02, -1.540308e-02, -5.275645e-02, -7.821621e-03, 9.867415e-03, -6.980904e-03,
-1.666155e-02, -2.023872e-02, -9.872651e-03, -1.177833e-02, 5.082335e-02, -3.450097e-02, -6.396264e-03, -3.714603e-04,
2.816556e-03, -9.309285e-05, 6.561564e-02, -1.196699e-01, -4.382970e-03, -1.008094e-03, 1.872559e-02, -6.939577e-03,
3.530796e-02, -2.655341e-02, -1.535789e-02, -8.484435e-04, 1.853237e-02, -8.245845e-03, -4.854214e-03, -4.040651e-04,
-7.863937e-04, 3.324465e-02, 3.433520e-03, 1.036892e-02, 2.895228e-03, -6.237850e-04, -4.911380e-04, 5.843427e-03,
8.094518e-02, -1.461636e-03, 4.976918e-04, -1.420972e-03, 1.709759e-03, 7.741693e-03, 2.423818e-03, -5.455655e-02,
3.680534e-01, 8.977722e-02, 7.732689e-02, 6.294426e-02, -3.403464e-02, -3.161645e-03, 1.691167e-01, 2.364188e-01,
8.021716e-02, -2.550381e-02, -1.585889e-02, -6.895062e-02, 1.717068e-01, 8.759439e-02, 2.188071e-01, -3.157578e-03,
1.195802e-02, 4.621157e-02, 2.010935e-02, 4.273773e-03, -9.737841e-03, 5.068026e-01, 2.780689e-03, -5.077145e-03,
-1.195455e-02, 2.064845e-03, -1.502798e-03, 2.945943e-03, 4.956141e-01, 3.193104e-03, 4.507310e-03, -2.237891e-02,
1.151402e-02, -1.240583e-02, -2.416857e-05, 3.698019e-01, -4.654894e-02, -3.460380e-02, -2.711893e-02, -1.214606e-02,
-5.307659e-02, 1.355579e-02, -5.271306e-02, -2.140143e-02, -2.472531e-02, 4.781933e-02, -2.455048e-02, 2.680329e-02,
-4.660115e-02, -2.553309e-02, -1.717833e-02, -9.998526e-03, 1.365989e-02, -1.009441e-02, 5.132742e-03, -5.105619e-03,
3.974676e-03, -9.476652e-02, 2.192844e-02, -2.305688e-02, -9.348395e-03, -3.575350e-03, -6.281468e-05, 1.990337e-02,
-1.235529e-01, -9.419731e-04, 2.972867e-03, -3.028403e-03, 2.848832e-03, -9.322090e-03, 6.082977e-04, -8.169219e-02,
-9.150583e-02, -4.663433e-02, 3.936294e-02, 5.205920e-02, 8.185414e-03, -1.734333e-02, -5.340887e-02, -5.397030e-02,
2.847928e-02, -3.447298e-02, 2.342215e-02, -3.810756e-03, -3.598892e-02, -3.022645e-02, 2.270044e-02, -1.533037e-02,
2.385274e-02, -3.322498e-03, 1.534109e-02, 9.524041e-04, -3.764078e-03, -1.714054e-01, 6.713627e-04, 1.849145e-02,
-3.083979e-03, 4.272919e-03, -2.262562e-03, -2.963911e-03, -3.577530e-02, 7.971692e-03, -7.921976e-03, -3.965157e-03,
2.990144e-03, 2.272742e-02, -3.626479e-03, -1.350444e-02, 4.581138e-02, -1.658919e-02, -1.780095e-03, -2.376012e-02,
-5.876698e-03, 2.048451e-03, 5.208761e-02, -6.970141e-02, -3.060358e-02, -2.080528e-02, -8.189582e-04, 5.663403e-02,
5.218181e-02, -2.185200e-02, -8.220951e-02, -1.383977e-02, 1.625446e-03, 3.377844e-02, -5.284094e-03, -9.570763e-03,
3.990977e-03, 4.389839e-02, 1.670721e-02, -1.232401e-02, 1.687719e-03, -7.332425e-03, 2.192567e-03, 7.125122e-03,
3.447272e-02, 1.008656e-03, -5.741347e-03, 1.499924e-02, 1.029537e-02, -1.765164e-03, -2.767491e-03, -8.977504e-02,
-1.009934e-01, 3.831916e-02, -1.943575e-03, 1.221567e-02, -2.190671e-02, -4.442946e-03, -3.870285e-02, 3.351755e-02,
-1.966149e-03, 8.236234e-03, -1.444957e-02, 2.907489e-03, -2.544347e-02, 1.874987e-02, -3.018237e-03, -4.294889e-03,
-1.926888e-02, -6.755531e-03, -2.969229e-03, -5.416931e-04, -2.962645e-03, -8.222252e-03, -7.834182e-03, -1.497522e-02,
-6.704459e-03, 1.953681e-03, -4.658817e-03, -6.482422e-03, -4.338462e-02, -3.341971e-03, -7.875195e-04, 1.230023e-03,
-2.256973e-03, -9.471360e-03, -9.901739e-03, 4.305953e-02, -6.431276e-02, 2.684600e-02, -2.661101e-02, 1.055825e-02,
-1.303436e-05, 4.372445e-04, -2.885487e-02, 1.725155e-02, -1.348657e-02, 1.165508e-02, 1.172111e-02, -1.211017e-02,
-4.962146e-02, 2.106768e-02, -2.000548e-02, 7.419755e-03, 5.951446e-02, -1.146327e-02, -3.136777e-03, 3.065240e-03,
1.510208e-03, -1.401510e-02, 3.995379e-03, 1.875646e-02, 7.039117e-03, -3.643068e-03, 3.482740e-03, -1.033169e-03,
-1.057329e-01, 5.986247e-03, 1.960119e-03, -1.472640e-03, 1.622894e-03, 1.362081e-02, 8.452664e-03, 1.854312e-03,
-1.266352e-01, 2.874686e-02, 2.755608e-02, -1.859413e-02, 1.061160e-02, 1.049285e-02, -2.158141e-02, 3.018768e-02,
4.474249e-03, -3.376521e-02, 1.252853e-02, -3.036924e-04, -1.593815e-02, 1.050524e-02, 1.885945e-02, -2.499758e-03,
9.636329e-03, 2.010654e-04, -8.559968e-03, -3.094874e-03, 2.958969e-03, -1.640219e-02, 3.736675e-03, -5.151498e-03,
6.247133e-03, -5.360285e-03, 4.622888e-03, 7.028546e-03, -1.588111e-02, -1.115500e-02, 7.961197e-05, 2.659243e-03,
-2.089249e-03, 9.553522e-03, -8.852884e-03, 4.567677e-02, 1.970229e-02, 1.329659e-02, -5.724777e-02, -1.468510e-02,
4.307852e-03, 3.053653e-02, 9.403179e-03, 2.466164e-02, -5.328893e-02, 1.914292e-02, 6.077728e-03, 7.403113e-03,
1.542646e-02, 2.880689e-02, -1.398041e-01, 2.220070e-02, -7.062950e-02, 5.320628e-02, -2.159772e-03, 4.500559e-03,
3.746221e-03, 5.863329e-02, 3.042759e-02, -8.531750e-03, -5.435776e-04, 4.779734e-03, -2.935735e-02, 3.309947e-03,
-1.131945e-01, 1.510480e-02, -5.480103e-03, 3.794380e-03, 1.488720e-02, -1.219391e-02, 1.908142e-02, -8.045925e-02,
-4.676632e-02, -4.940590e-02, 3.754706e-02, -5.921037e-02, 1.745409e-02, -1.194690e-02, -3.134101e-02, -7.927496e-02,
4.462265e-02, 2.799224e-02, 3.184770e-02, -3.382998e-02, -1.279319e-02, -2.737270e-02, 3.512963e-02, -2.713301e-02,
3.133236e-02, -2.304265e-02, 5.118592e-04, 1.181576e-03, 1.623803e-03, -1.341278e-01, -1.181204e-02, 1.372986e-02,
7.396957e-03, 5.978251e-03, 2.757637e-03, -9.976487e-03, 3.125851e-02, 1.341444e-03, -2.875584e-04, -1.073067e-03,
1.459750e-04, 2.271285e-02, -1.089830e-03, 1.793317e-02, -7.738614e-02, 2.922851e-02, -3.088845e-02, -2.866475e-03,
5.050264e-02, 2.238569e-03, -3.554029e-02, 3.429275e-02, -3.472382e-02, 2.751092e-02, 6.136835e-02, -1.725541e-02,
-4.191762e-02, 2.827074e-02, -7.417127e-02, 2.616857e-02, 1.108091e-01, -1.243385e-03, -5.977220e-03, 2.660936e-03,
-6.716638e-03, -3.145274e-02, -8.912976e-03, 5.927207e-02, 1.894387e-02, -2.867366e-03, 1.772697e-02, -1.993491e-02,
-1.283528e-01, 1.360474e-02, 8.528459e-04, -3.755793e-04, -3.101707e-03, 6.634190e-02, 7.524859e-03, 2.864306e-03,
-4.172771e-03, -1.216060e-02, -9.599454e-03, 1.550612e-03, -4.576128e-03, 1.061131e-03, -7.977573e-03, -7.551755e-03,
-1.284530e-02, -2.070206e-03, 3.109995e-03, 1.085524e-02, -8.483907e-03, -1.240257e-02, -1.231284e-02, 1.002019e-02,
9.291001e-03, 2.227996e-02, 6.826839e-04, -8.188593e-04, 2.322362e-03, -2.620372e-02, 4.556367e-04, -3.109434e-03,
2.617434e-03, 7.868061e-04, -4.360848e-03, -2.782602e-03, -4.303677e-02, 1.553878e-02, -2.857870e-03, 2.180698e-03,
8.177006e-03, -2.833909e-03, 1.459518e-02, -4.560398e-02, -1.463258e-02, -5.035374e-03, -3.430464e-02, -1.608373e-02,
-4.583896e-02, 6.383076e-03, -9.004535e-03, -5.118929e-03, -3.055051e-02, 4.151419e-03, 6.531076e-03, -1.653203e-02,
-1.787070e-02, -1.995249e-02, -3.665960e-02, -2.012694e-02, -1.418263e-02, -3.643126e-02, -2.183348e-04, 3.475923e-04,
-2.010733e-03, -2.512543e-02, 1.426850e-03, 2.035980e-03, 1.702459e-03, 2.336282e-05, -7.239034e-03, -2.124746e-02,
-1.039033e-01, 7.706576e-03, -3.570606e-03, -5.910545e-03, 9.709737e-04, -9.092470e-03, 5.385067e-03, -5.331162e-02,
-2.056445e-02, 7.006409e-03, -3.227260e-02, 1.687981e-03, 1.224458e-02, 1.834420e-03, -8.999237e-03, 3.253507e-03,
-1.404377e-02, 4.383160e-04, -1.452334e-02, 2.113168e-03, -2.468213e-02, 9.550538e-03, -3.599570e-02, 3.870525e-03,
-6.126270e-03, 4.495836e-03, 8.569505e-05, 1.703333e-03, 5.983137e-04, -1.799380e-02, 5.237595e-03, 1.259945e-02,
2.733586e-03, 1.200853e-03, -3.019939e-03, -1.966801e-03, -1.248904e-01, 5.791315e-03, -3.015598e-06, -5.219776e-04,
-3.723373e-04, 4.854590e-03, -3.967125e-03, -6.566395e-03, -2.660824e-02, -2.514006e-02, -2.171815e-02, -9.391641e-03,
-1.609900e-02, 6.186784e-03, -2.716237e-02, -2.074443e-02, -2.018244e-02, 1.471529e-02, -1.687402e-02, 1.467222e-02,
-2.763246e-02, -2.174118e-02, -1.609699e-02, 4.765759e-03, -1.769209e-02, -5.655895e-03, 1.700295e-04, -4.847223e-03,
7.138863e-03, -1.242450e-01, -3.028668e-03, -8.848962e-04, -1.642502e-04, 1.097286e-03, -9.800108e-03, -8.540400e-04,
-1.192129e-01, 2.668432e-02, -2.719671e-03, 5.702222e-05, 7.232583e-03, -1.706833e-02, 1.457748e-02, -6.518690e-02,
2.932236e-01, 4.472685e-02, 1.371091e-01, 5.733743e-02, 4.261156e-02, -6.052711e-02, 5.201678e-02, 2.200690e-01,
1.790522e-01, -8.005205e-02, 5.666625e-03, -3.113835e-02, 6.270862e-02, 5.677345e-02, 4.614202e-01, 4.041358e-02,
-1.410697e-01, 9.716463e-02, 1.401256e-02, -1.766470e-02, 2.644240e-02, 2.313088e-01, -6.575242e-02, 6.775086e-03,
1.494124e-04, 3.295534e-03, -3.791062e-02, -2.816276e-02, 4.812759e-01, 5.876194e-02, -1.271738e-02, -6.205228e-03,
3.513778e-02, -1.565957e-02, 6.505109e-02, 4.790375e-01, 3.563204e-02, 1.088429e-02, -5.543872e-02, -1.834461e-02,
-4.250918e-02, 1.530418e-02, 1.967635e-02, 1.778809e-02, -5.100826e-02, 2.472943e-02, -9.012777e-03, -1.740472e-02,
5.177627e-02, 3.122406e-02, -1.781873e-01, 1.793419e-02, -6.137126e-02, 6.734922e-02, -2.619661e-03, 5.231701e-03,
-8.967973e-03, 8.716352e-02, 1.162880e-02, -7.712997e-03, -3.217078e-03, 4.408507e-03, -8.943518e-03, -1.002308e-04,
-5.440613e-02, -7.372828e-04, -9.878331e-03, -4.416941e-03, 3.434331e-02, -1.737761e-02, 1.781715e-02, -9.245946e-02,
-1.895676e-01, 1.856091e-02, 6.273445e-02, 9.468079e-03, 4.107051e-02, -7.054235e-03, -6.584213e-02, 2.261486e-02,
3.426202e-02, 5.194729e-04, 1.923500e-02, -3.607590e-02, -1.471632e-02, 3.604830e-03, 5.301417e-02, 2.234247e-03,
8.502847e-03, 4.656626e-03, 3.936254e-03, -1.654433e-03, 3.228659e-03, -1.029022e-01, -9.837062e-03, 1.379988e-02,
6.319397e-03, -1.029776e-04, -7.783175e-05, -1.133394e-02, 3.542443e-03, -3.651482e-03, -7.239576e-03, -1.875798e-03,
1.380637e-03, -1.220072e-02, -1.046320e-02, 8.826046e-02, 4.162109e-02, -5.633695e-02, 1.501245e-02, -2.945818e-02,
-1.267391e-02, -1.187516e-03, 2.272711e-02, -1.269932e-01, 4.956060e-02, -2.542642e-02, -1.236140e-03, -3.695254e-03,
4.349990e-03, -4.812412e-02, 5.561907e-02, -1.227173e-02, -8.882439e-03, 5.640821e-03, -1.492518e-04, 2.963458e-03,
1.898640e-03, -5.138062e-02, -5.040258e-04, -4.195999e-03, -2.217772e-03, -3.386135e-04, 4.872935e-04, 6.289949e-03,
4.621743e-02, -3.386642e-03, -4.139141e-03, -3.299254e-03, 1.117486e-02, -9.271969e-03, 4.898675e-03, -9.770378e-03,
2.300618e-02, -7.503320e-03, -2.638710e-02, -1.239360e-03, 4.898156e-03, 8.279784e-03, 1.756399e-02, -1.593364e-02,
-4.100644e-02, 1.099115e-02, 1.772813e-02, -6.380366e-02, 2.331592e-02, -1.879213e-02, -8.301028e-02, -2.326951e-03,
1.067326e-02, 1.009338e-02, -3.563415e-04, 7.441613e-04, 2.939112e-03, 3.226322e-02, 3.451734e-05, 1.533392e-02,
4.872780e-03, 3.190843e-03, 1.276164e-02, -1.834165e-02, -2.108517e-02, 1.656733e-02, -3.354231e-03, -6.766705e-03,
4.908012e-03, 1.926115e-02, 1.760022e-02, -1.106392e-01, 8.499557e-04, -4.363077e-03, -3.086285e-03, -3.326095e-03,
2.083180e-03, -4.131395e-03, 1.014967e-02, -1.368253e-02, -3.052757e-02, 5.139296e-03, -6.047032e-03, 6.803276e-04,
1.051204e-02, -2.698398e-02, -2.972532e-02, -8.969475e-03, -8.001310e-03, -1.479669e-03, -9.310752e-05, 1.359352e-03,
-9.168196e-04, 4.156623e-03, 1.247897e-03, 1.649603e-02, 1.277927e-03, -2.448750e-03, -1.519104e-03, -4.753236e-03,
-5.402342e-03, 9.148918e-03, -2.741793e-03, -2.018390e-03, 5.742731e-03, -1.935960e-03, 7.193121e-03, -7.277822e-02,
-6.481461e-02, 2.270118e-02, -1.636908e-02, 1.348126e-02, 9.845330e-02, -4.856770e-02, -1.416960e-02, 2.796011e-02,
-2.659678e-02, 3.642862e-02, 4.812824e-02, -4.309981e-02, -1.343161e-02, 1.269530e-02, -2.199461e-02, 2.662262e-03,
6.768037e-02, -4.765669e-02, 1.417967e-02, 6.166701e-03, -1.932807e-03, 1.533473e-02, -2.381399e-02, 3.526867e-02,
1.814918e-02, -5.301160e-03, 1.899413e-02, -2.044014e-02, -3.392753e-02, 6.964181e-03, 4.816134e-03, -6.691020e-03,
-1.460883e-02, 3.957355e-02, 1.547046e-03, 4.200018e-03, -1.353159e-02, -1.667848e-02, -2.528359e-02, -2.027048e-02,
1.664964e-02, -3.568312e-03, -2.845501e-02, -2.813746e-03, -1.965078e-02, 2.255271e-02, -1.157816e-03, 1.314095e-02,
-3.167079e-02, -1.594001e-02, -5.469918e-03, -6.032811e-03, -2.776988e-02, 1.330462e-02, -1.475205e-03, 3.043534e-04,
-2.504772e-03, -7.079581e-02, -1.053420e-02, -7.795538e-03, -3.180456e-03, 2.392045e-03, 1.471946e-03, -1.230188e-02,
-8.326162e-02, -9.612394e-03, 1.176210e-03, 3.984825e-03, -2.646090e-03, -5.181480e-03, -1.094398e-02, -7.047858e-02,
-2.228848e-01, 4.324995e-02, 4.122121e-02, -4.532122e-02, -6.324296e-02, -2.498086e-03, -7.684063e-02, 2.989030e-02,
1.511807e-02, 2.378273e-02, -2.996902e-02, 1.206872e-02, -6.190462e-02, 2.044693e-02, 1.456195e-02, -1.230048e-02,
-1.422926e-02, 7.709902e-03, -2.167402e-02, 4.987444e-03, 4.647057e-03, -1.117792e-01, 8.188346e-03, -3.891059e-02,
-3.615968e-02, 3.579870e-03, -4.847641e-03, 1.163117e-03, -9.126015e-02, -3.607960e-04, 4.174281e-03, -3.991404e-03,
6.479021e-03, -2.924852e-02, -1.411764e-02, 8.112381e-02, -2.241778e-02, -1.471398e-02, 1.896949e-03, -7.246598e-03,
-6.681549e-03, -4.760719e-03, -2.679103e-02, -9.692972e-03, 3.282354e-03, -1.359192e-02, -1.640441e-03, -1.146545e-03,
-1.224794e-02, -8.696935e-03, 4.722982e-04, 1.571809e-02, 1.496053e-03, 4.601611e-03, -3.753028e-03, 1.616847e-03,
-1.689403e-04, -5.225915e-02, -5.207998e-03, -7.939623e-03, -4.132593e-03, 3.784992e-04, 3.229138e-03, -1.981509e-02,
-1.886434e-02, -1.871521e-03, -2.879398e-03, 1.113918e-03, -3.593797e-03, -9.554596e-03, 2.071837e-03, -1.801842e-02,
-6.036185e-02, -2.015241e-02, 4.223905e-03, -4.019458e-02, 2.165943e-02, 3.309263e-02, -4.759551e-02, -1.633176e-02,
8.725166e-03, -1.514024e-02, 1.434899e-02, 1.648789e-02, -3.400484e-02, -8.019767e-04, -1.211258e-03, -2.584325e-03,
1.123809e-02, 7.548222e-03, -1.663883e-02, 2.604150e-04, 4.599807e-03, -9.427426e-02, 3.643697e-02, 6.991519e-03,
1.094741e-02, -1.992125e-03, 2.402869e-03, 4.236022e-02, -6.425540e-02, -5.829478e-03, 1.090938e-02, 4.206678e-03,
-5.399159e-03, 1.475088e-02, -5.718142e-03, -1.394237e-02, -1.026379e-01, 2.211483e-02, 1.704822e-02, -2.556088e-02,
-1.893826e-02, -3.684906e-03, -5.981588e-02, 3.914851e-02, 5.381486e-03, -2.782190e-02, -1.987186e-02, -9.222139e-03,
-5.081436e-02, 7.712172e-03, 1.819877e-02, -1.843417e-02, -3.963872e-02, -3.251549e-03, -7.893717e-03, 6.569585e-04,
-8.577465e-05, -5.211549e-02, 1.876482e-03, -2.801786e-02, -7.799611e-03, 2.063680e-03, -5.710446e-03, -8.869997e-03,
-6.190322e-02, -1.254926e-02, -7.635283e-04, -7.697523e-04, -4.785057e-04, -1.533236e-02, -5.942323e-03, 1.999901e-02,
-7.880944e-02, -2.854242e-02, 2.604539e-02, -8.553685e-03, 3.891503e-03, 6.958332e-03, -5.762021e-02, -3.918674e-02,
2.189896e-02, 2.738908e-02, 2.518417e-03, 1.099895e-02, -3.772737e-02, -2.018886e-02, 1.751555e-02, 1.381939e-02,
-2.419264e-03, 3.862301e-03, -6.792589e-03, 1.204954e-02, -6.343961e-03, -1.816959e-01, 8.085693e-03, -5.869138e-05,
3.294460e-04, 6.273302e-03, 6.927103e-03, -1.238183e-03, -3.168368e-02, -1.578644e-03, -2.831393e-04, 5.078146e-03,
-2.011569e-03, 1.720472e-02, 5.990240e-03, -1.416889e-02, 5.542164e-02, 4.649003e-03, -5.864502e-02, 2.137776e-02,
-3.977988e-02, 9.061032e-03, 2.964054e-02, 2.325476e-02, -8.149754e-02, -2.665682e-02, -6.495974e-03, 1.029859e-02,
8.649458e-02, 3.110069e-02, -2.401591e-01, 9.909015e-03, -1.901204e-02, -4.381378e-02, 1.131673e-02, -2.592323e-03,
-1.429944e-02, 6.614157e-02, 8.035008e-04, -1.509895e-02, -9.515686e-03, 8.074325e-04, 1.105677e-02, -4.876930e-03,
-5.091729e-02, -9.058641e-03, 3.899636e-03, 5.630315e-03, -2.078947e-02, -1.503268e-02, -1.140433e-02, -1.226210e-01,
4.091425e-01, 5.142745e-02, 9.126655e-02, -1.179688e-01, 2.624811e-02, 2.348453e-03, 1.608300e-01, 1.960786e-01,
8.927076e-02, 1.052914e-01, -7.081703e-02, 7.248737e-02, 1.571091e-01, 4.897248e-02, 3.046930e-01, 4.733750e-03,
-1.951640e-02, -1.210562e-01, -4.435057e-02, 8.529351e-03, 1.104133e-02, 4.437477e-01, 1.508268e-02, -9.107628e-03,
1.141979e-02, -1.297490e-02, -3.918549e-03, 1.244585e-02, 5.343414e-01, -4.201128e-03, 2.002193e-02, 1.538745e-02,
-5.069240e-02, -2.173259e-02, -8.219358e-04, 3.119252e-01, -2.702103e-02, 1.187102e-02, -4.352874e-02, 1.896300e-03,
3.349830e-02, -6.607890e-03, -2.373907e-02, 1.056066e-02, -1.841443e-02, -7.142427e-03, 6.797264e-03, 6.738725e-03,
-5.271869e-02, 1.563803e-02, -3.094514e-02, -3.572719e-03, 3.334370e-02, -6.854828e-03, 2.365141e-03, -2.016293e-03,
4.361518e-03, -1.189095e-02, -2.301100e-02, 2.072957e-02, 6.039737e-03, -3.372641e-03, 8.640570e-03, 5.418779e-04,
-7.766102e-02, 8.445685e-03, -1.819507e-03, -1.097438e-05, -1.535385e-03, 1.779927e-02, 1.218928e-02, -1.632944e-02,
1.572964e-02, -6.981934e-03, -9.255435e-03, -5.759894e-03, 2.334031e-03, 2.862184e-03, 2.960474e-02, -2.832143e-02,
-4.278378e-02, -1.943040e-03, -2.276486e-03, -1.457356e-02, 3.336565e-02, -3.968468e-02, -4.740022e-02, 1.168853e-02,
3.828137e-03, -5.295410e-03, -7.784751e-04, -2.957363e-04, 3.206376e-03, 1.453610e-02, -5.286139e-03, -4.963245e-03,
5.018187e-04, -5.649137e-04, -2.948488e-05, 4.910174e-04, 1.057964e-02, 1.665776e-03, 6.662338e-03, 5.260376e-04,
-1.333952e-02, -1.047795e-02, 9.386093e-03, -1.257434e-01, 5.097866e-02, -2.764696e-02, -1.433258e-02, 2.105402e-02,
1.853353e-02, 2.708439e-02, 4.870292e-02, -8.633050e-02, -3.635707e-03, 2.737162e-02, 1.255851e-03, 1.872436e-02,
4.185778e-02, -2.306323e-02, -6.386447e-02, -2.550246e-03, -1.059937e-02, 5.738121e-02, 4.181824e-03, 5.670695e-03,
-4.910351e-04, 3.367718e-02, 1.816851e-02, 4.154292e-03, -3.968264e-04, -7.593973e-04, 7.616730e-03, 1.676353e-02,
4.206467e-02, 4.731136e-03, -2.206906e-03, 1.733561e-03, 1.148535e-02, 2.653140e-03, -3.313224e-03, -7.880203e-02,
5.317984e-02, -1.762980e-02, 2.973340e-04, 7.499625e-03, -6.583211e-03, -6.468825e-03, 4.229229e-02, -1.580128e-01,
4.285319e-02, 3.525058e-02, -2.885818e-02, 2.327679e-02, 7.676310e-03, -3.806035e-02, 4.706714e-02, 6.740432e-03,
1.759465e-02, 1.208966e-02, 2.589025e-03, 1.993322e-04, -2.576135e-04, -1.072433e-02, -2.563134e-04, 5.688813e-03,
-6.019863e-03, 1.699348e-02, 6.889846e-04, -8.146613e-03, 5.871850e-02, 3.530832e-03, -1.769834e-03, 3.473309e-03,
-4.116778e-03, 2.721649e-03, -3.370115e-03, -1.749244e-02, -3.956232e-02, 1.020069e-02, -4.852768e-02, -1.696463e-02,
6.953880e-02, 3.794703e-02, -2.234638e-02, 7.546596e-03, -2.911313e-02, -2.146914e-02, 4.485921e-02, 2.090620e-02,
-4.086311e-02, 8.926645e-03, -4.045713e-02, -1.479797e-02, -1.264712e-02, 3.921643e-02, 3.975250e-03, 3.039224e-03,
-2.330454e-03, -3.487118e-02, 4.948367e-02, 1.519901e-02, -3.006141e-03, 6.344451e-04, 6.615403e-03, 3.432247e-02,
-1.744781e-01, -1.600535e-02, 8.919879e-03, -1.844460e-03, 9.325542e-03, 1.937338e-02, -1.827790e-02, -5.583462e-02,
-4.346297e-03, -4.618524e-02, 3.155149e-02, 2.168279e-02, -3.201463e-02, -2.318127e-02, 8.122688e-03, -1.288756e-01,
5.385215e-02, 7.751056e-02, -1.169307e-02, -5.187644e-02, 1.137927e-03, -4.060761e-02, 5.280544e-02, 1.491096e-02,
1.409911e-02, -3.050595e-02, 3.024234e-03, 2.386569e-02, -4.019177e-03, -7.955417e-02, 7.939980e-03, 1.086956e-02,
3.192487e-03, 6.412484e-03, 1.303855e-03, -2.115742e-02, 7.610898e-02, 1.747998e-02, -1.996341e-03, -6.843480e-03,
-5.099151e-03, -4.039418e-03, 1.812725e-02, 3.069824e-02, -8.483382e-02, 2.346590e-02, -1.743931e-02, -2.293508e-02,
-2.018906e-01, -2.508160e-02, -2.257042e-02, 1.805107e-02, -2.087702e-02, -2.527355e-02, -1.008657e-01, -2.652977e-02,
-4.462797e-03, 1.433615e-02, -4.707372e-02, -8.322519e-03, -1.534636e-01, -4.046335e-02, -1.221270e-02, -1.586072e-02,
7.284387e-03, 2.850370e-03, -2.904472e-02, -6.117442e-02, -4.438169e-02, 1.149726e-02, -2.617439e-02, -7.557011e-03,
-1.049402e-01, 2.545759e-03, 6.238752e-03, -1.316086e-02, -1.766211e-02, -6.411847e-02, -1.219204e-02, 2.336775e-02,
5.112087e-03, -9.953357e-03, -8.155794e-03, -4.027185e-03, 6.921400e-03, -1.045409e-02, 6.129765e-03, -2.997285e-02,
-1.390606e-02, -4.719656e-03, 1.657619e-02, 2.118283e-03, 3.488207e-03, -2.851379e-02, -1.018052e-02, -1.131128e-02,
2.010126e-02, 2.860476e-02, 1.203127e-04, -9.409599e-05, 2.145258e-04, -6.903061e-03, 5.139310e-03, -1.327776e-03,
-2.690608e-03, 3.707965e-03, -5.566476e-04, 3.818964e-03, -1.327303e-02, 1.471202e-02, 4.478857e-03, -1.583882e-03,
5.599883e-03, 7.718305e-03, -5.832874e-03, -7.621321e-02, 1.180624e-02, -2.834196e-03, -3.293220e-02, -8.246817e-03,
2.210639e-02, 2.474209e-03, -1.992632e-03, 5.308203e-03, -2.810078e-02, -1.452668e-03, 4.806289e-02, -4.694215e-02,
-5.844847e-04, -6.612037e-03, -7.532942e-02, 1.737325e-02, 7.695813e-02, -7.677956e-02, 3.724366e-04, -1.416087e-03,
5.892835e-03, 5.368883e-03, -7.505003e-03, 2.514359e-02, 2.627686e-03, 1.396488e-03, 1.080131e-02, -1.352635e-02,
-9.311045e-02, 2.185503e-02, 4.070444e-03, -9.818156e-03, -1.607080e-02, 2.096214e-02, 1.884637e-02, -6.823801e-02,
4.884280e-02, 6.153516e-03, -3.873473e-02, -1.140041e-02, -5.007989e-03, 3.789551e-03, 2.304635e-02, 1.668215e-02,
-1.597095e-02, 1.263989e-03, 2.418230e-03, 1.002924e-02, 5.229120e-02, 1.719345e-02, -1.658631e-01, -2.792402e-03,
-1.451283e-03, 1.221117e-02, -7.851743e-04, -1.486241e-03, 7.351014e-04, 9.809412e-02, -2.036952e-03, -1.368364e-02,
-6.989976e-03, 4.006327e-03, -7.621698e-03, 4.248983e-03, 1.938690e-02, 5.804262e-03, 5.538124e-04, 1.481487e-03,
6.428776e-04, 6.897659e-03, 1.456435e-03, -5.482324e-02, 5.192788e-02, -3.227070e-02, -1.568252e-02, -1.747831e-02,
1.007372e-02, 1.552947e-02, 5.300117e-02, -8.179606e-02, -2.443839e-02, -3.003100e-02, 2.938584e-03, 5.168295e-02,
5.111814e-02, -3.878814e-02, -5.849884e-02, -1.912892e-02, 2.248257e-02, 1.576815e-02, -2.626730e-03, -9.480731e-03,
4.336115e-03, 6.408438e-02, -4.712403e-04, -1.368858e-02, 2.450140e-03, -7.943325e-03, 1.669620e-04, 7.095763e-03,
1.044810e-01, 7.488612e-04, 1.907123e-03, 1.152659e-02, 1.106668e-02, -2.200148e-03, -9.688956e-03, -1.322760e-01,
-3.434188e-01, 4.839902e-02, 8.790936e-02, -2.631137e-02, 2.396891e-02, -4.186955e-03, -5.870975e-02, 4.795519e-02,
3.774040e-02, 5.514780e-02, -2.001954e-03, -1.291930e-02, -6.495480e-02, 1.636015e-02, 8.704484e-02, -8.530217e-03,
9.898527e-03, 3.443002e-02, -1.593496e-02, 2.325893e-03, 5.254630e-03, -1.094353e-01, 1.447162e-02, 1.152838e-02,
-1.436340e-02, 2.171803e-03, -2.855153e-03, 1.224026e-02, 1.609970e-02, 1.849867e-02, 1.630693e-02, 2.116476e-03,
-6.431295e-04, -2.175947e-03, 5.320422e-03, 1.678779e-01, -4.484305e-02, 1.957930e-02, -6.860622e-02, 1.666739e-03,
3.580251e-02, 9.970070e-03, -2.863713e-02, 1.805221e-02, -3.396274e-02, -4.887597e-03, 5.371605e-02, 1.284248e-02,
-6.172700e-02, 2.624641e-02, -6.000390e-02, -1.828665e-02, 7.324670e-02, 3.586757e-02, 1.274158e-03, 3.922811e-03,
4.770523e-03, -2.311967e-02, -1.065524e-02, 3.245653e-02, 5.692498e-03, 2.403689e-03, 1.067160e-02, 1.169225e-02,
-2.621582e-01, 3.024466e-03, 8.163244e-03, -3.244781e-03, 4.421993e-03, 2.890822e-02, -7.353726e-03, -3.059380e-02,
4.476934e-01, 5.534902e-02, 2.992325e-02, 2.007255e-02, -1.349635e-02, 3.926443e-02, 1.572263e-01, 1.780101e-01,
1.150129e-01, 8.526395e-02, 4.798200e-02, -9.280559e-02, 4.141746e-02, 4.806500e-02, 4.128761e-01, -6.195413e-05,
3.865729e-02, 5.527121e-02, -2.920769e-03, 2.680507e-02, -7.398130e-03, 4.277416e-01, 8.651270e-02, 4.871738e-02,
-6.326788e-03, 5.330829e-03, 5.574608e-03, 5.950943e-02, 3.162298e-01, -1.404402e-03, 1.469965e-02, -9.873224e-03,
1.696264e-02, 3.885663e-02, -2.945980e-03, 3.519907e-01, -3.284564e-02, -4.238661e-02, 1.939301e-02, -9.367066e-03,
1.011772e-02, -9.386654e-05, -1.772970e-02, -4.253085e-02, 1.877365e-02, 1.979084e-02, 3.644712e-03, -1.912629e-03,
-5.780980e-03, -7.979605e-03, 7.954871e-03, 4.535850e-03, 7.310311e-03, 4.082868e-03, -3.419602e-03, 2.217822e-03,
-6.592471e-04, -1.268820e-01, 2.621753e-02, 1.067074e-02, 3.231579e-03, -9.512894e-04, 1.042798e-03, 6.352508e-03,
1.340300e-03, -1.470960e-03, 2.864430e-03, -2.059493e-03, 1.508972e-03, 6.730314e-03, -2.937991e-03, 3.843338e-03,
-2.986911e-02, -2.957917e-03, -2.311195e-02, -1.099982e-02, -9.317994e-02, -2.782952e-03, -1.886195e-02, -1.467541e-03,
-1.850269e-02, -1.354757e-02, -3.858275e-02, -1.680978e-02, -1.813340e-02, -5.887496e-03, -2.144128e-02, 2.486263e-03,
-2.069424e-02, 1.966494e-02, -7.238183e-04, 1.406143e-03, -4.005201e-03, -4.874307e-02, -6.418665e-04, -3.385266e-02,
-1.416627e-02, 1.149559e-03, -7.364474e-03, 2.216112e-03, -1.160385e-01, -1.233867e-03, 4.620214e-03, -8.716422e-04,
2.783598e-03, -2.789321e-02, 2.639523e-03, -4.504719e-02, 2.770840e-03, -1.494993e-02, -1.617948e-02, -7.172517e-03,
2.519187e-03, 1.996100e-03, -9.379385e-03, -7.963123e-03, -1.617060e-02, -5.517221e-03, 3.088274e-02, 9.100995e-03,
-8.679447e-03, -1.334812e-02, -5.577342e-03, 3.327989e-03, -7.893925e-03, 5.571314e-04, -1.808768e-03, 7.749581e-04,
-1.294113e-03, -2.654025e-02, 5.436805e-03, 2.058206e-02, -2.890310e-03, 3.878526e-03, 1.263628e-03, 6.533966e-05,
-4.048587e-02, 5.964198e-03, 5.857344e-03, -2.864970e-03, 2.061252e-03, 1.867202e-02, 2.067461e-03, -4.656583e-02,
4.038459e-03, -2.523731e-02, -2.304759e-02, 1.365734e-02, 2.747586e-02, 4.035853e-03, -7.403691e-03, -2.892468e-02,
-3.644296e-02, -2.461809e-02, -1.703119e-02, -6.290072e-02, -3.394768e-03, -5.255119e-02, -2.642419e-02, -3.151890e-02,
-3.755665e-02, -1.977788e-02, -3.535427e-03, -5.029112e-03, -5.119127e-04, -4.160912e-02, -2.312660e-02, -9.866757e-03,
1.485390e-03, -1.076749e-02, -3.985853e-03, -2.472544e-02, -7.587763e-02, -2.427037e-02, -4.023697e-03, -3.686930e-03,
-1.036526e-02, -1.384702e-02, -1.667751e-02, -1.315832e-01, -2.437437e-01, 9.937174e-02, 3.516392e-02, 4.079689e-02,
6.171963e-02, 3.433331e-03, -4.096843e-02, 7.663430e-02, 4.627044e-03, 3.707454e-02, 3.518874e-02, -9.914718e-03,
-4.348345e-02, 2.863599e-02, 4.647358e-02, 1.583385e-02, 3.305661e-02, -1.239293e-02, -1.488208e-02, 9.896412e-03,
2.221490e-03, -7.143078e-03, -1.556669e-02, 2.496230e-03, 2.915995e-02, -1.117237e-02, 6.019521e-03, -9.875416e-03,
-3.836402e-02, 1.811840e-02, -1.155444e-02, 3.836562e-05, 2.541947e-03, 1.072470e-02, 4.955263e-03, 1.250656e-01,
-4.344152e-02, -6.978015e-02, 1.113502e-02, -3.794156e-02, 3.857337e-02, 8.493963e-03, -5.076342e-02, -6.676696e-02,
8.024131e-03, 5.300621e-02, 6.244498e-02, -7.678805e-03, -3.095720e-02, -4.319390e-02, 5.952501e-03, -1.822679e-02,
5.898013e-02, -2.230374e-03, 4.179188e-03, -3.069740e-03, 4.796083e-03, -2.396891e-01, -8.095669e-03, 3.553383e-02,
2.155395e-03, 2.545088e-04, 6.690833e-03, 1.467870e-02, -5.158207e-02, -1.674676e-03, -6.183669e-03, 2.769209e-03,
3.786350e-03, 3.047915e-02, 1.813271e-02, -6.730166e-02, -3.351790e-02, 3.008138e-02, -3.712498e-02, 7.809101e-03,
-1.625044e-03, -8.234962e-03, -2.923274e-03, 8.203985e-03, -3.063859e-03, 3.552938e-03, -1.212009e-02, -1.140466e-02,
-3.505877e-02, 2.851652e-02, -2.841389e-02, 4.197648e-04, 4.470491e-02, -1.720289e-02, 4.221254e-03, 9.619878e-04,
-4.902065e-04, 1.071344e-02, -1.973303e-02, 5.587063e-03, 1.017799e-02, -5.894174e-03, 2.208869e-03, -6.498978e-03,
-1.214647e-01, 1.457147e-04, 3.581400e-06, -2.096182e-03, -1.248634e-03, 7.715581e-03, 1.600360e-02, 2.040785e-02,
-2.721581e-02, 8.910635e-03, -5.049722e-02, 9.719243e-03, -2.745633e-02, 2.941974e-02, -1.147840e-02, -2.582413e-03,
-1.229794e-02, 1.295932e-03, -3.834246e-03, 7.322807e-03, -4.195184e-02, 3.034954e-02, -4.877994e-02, 2.744741e-02,
1.286426e-02, -7.987070e-04, -1.561149e-03, -1.900514e-03, 1.957828e-03, -2.654636e-02, 6.521898e-02, 3.431132e-03,
5.536283e-03, -1.192561e-03, -6.109915e-03, 2.421247e-02, -1.900448e-01, 1.478926e-02, 2.538959e-03, 6.693027e-03,
-1.942735e-03, 6.597217e-03, 1.307627e-02, -2.069764e-02, -9.866719e-03, -1.252769e-02, -1.804573e-02, 1.392014e-02,
1.065351e-02, -3.759229e-03, -1.140577e-02, -6.620880e-03, -2.508303e-02, 8.871169e-03, -5.678251e-03, 2.691168e-03,
-1.741213e-02, -1.950152e-02, -8.284847e-03, 1.155516e-02, -2.672563e-03, -3.735311e-03, 1.712751e-03, -2.873438e-03,
8.177983e-03, -5.213947e-02, -7.253166e-03, 6.094356e-03, 2.221773e-03, -8.495502e-04, -2.359284e-03, 1.474190e-03,
-8.121764e-02, 1.868992e-02, -2.507367e-03, 1.240141e-03, 7.554638e-04, -5.261672e-04, 1.212023e-02, -3.412110e-02,
-1.288738e-01, 6.101665e-02, -1.837760e-02, -8.728028e-03, -6.680349e-02, -1.346481e-02, -6.082084e-02, 6.111278e-02,
-1.159716e-02, -4.445491e-05, -3.485653e-02, -1.976044e-02, -7.612552e-02, 4.644886e-02, -1.619006e-02, -1.882024e-02,
-8.955420e-02, 2.331420e-03, -3.696396e-03, 8.485366e-03, -9.772997e-03, -1.414095e-02, -3.502010e-02, -1.732480e-02,
-5.526426e-03, 2.744105e-03, -1.549774e-02, -2.074177e-02, -2.037502e-01, -9.353421e-03, -3.301523e-03, -2.628524e-03,
-3.547895e-03, -2.782583e-02, -2.999275e-02, 7.356811e-02, 1.033450e-01, -8.722547e-02, 4.249182e-02, -1.824520e-02,
2.084545e-02, 9.913485e-03, 1.056998e-01, -4.654779e-01, 1.493156e-01, -4.757529e-05, 7.638919e-03, 5.622178e-02,
4.056177e-02, -1.226146e-01, 1.266426e-01, -2.863847e-02, -7.332616e-02, 5.443943e-02, -1.152361e-02, 4.345612e-02,
-1.038986e-03, -6.793000e-02, -2.786378e-02, -1.116471e-02, -2.820370e-03, -4.814387e-03, -1.041347e-02, 2.435975e-02,
2.287732e-01, -1.190411e-02, -1.409719e-02, 1.544490e-02, 1.374681e-02, -1.144377e-02, 4.006764e-02, -1.549980e-02,
3.209387e-02, -2.915836e-02, -2.109682e-02, -8.739539e-03, 2.214296e-03, -7.362671e-03, 3.906808e-02, -6.542542e-02,
-5.970341e-02, 4.129707e-03, -5.315948e-03, -7.764805e-02, 4.574656e-02, -7.864703e-02, -5.241780e-02, 6.571801e-03,
-1.748101e-02, 4.122367e-02, -2.475453e-03, -1.264166e-02, -2.755647e-04, 2.434774e-02, 6.358764e-03, -4.127671e-05,
3.499075e-03, -8.666788e-03, 1.305533e-02, -8.913881e-03, 5.452702e-02, 1.160921e-02, -1.592995e-03, 5.516481e-03,
-2.973991e-03, -8.146628e-03, 3.068305e-02, -1.896063e-01, -4.976446e-02, -4.173014e-02, 2.452423e-02, -2.470516e-03,
3.570096e-02, 9.474269e-03, -3.687870e-02, -5.887984e-02, 3.115667e-02, -2.359514e-02, 2.222559e-02, 3.149647e-03,
-8.591947e-03, -9.528279e-03, 1.149580e-02, 7.302460e-03, 1.608779e-02, 5.534871e-03, -3.541899e-03, -5.212331e-04,
6.532127e-03, -1.526321e-01, 3.646544e-03, 9.552351e-03, 8.220773e-04, -8.201870e-04, 2.182433e-03, -1.363914e-02,
3.851194e-03, -7.925413e-04, 1.215166e-03, 6.824178e-03, -6.012548e-04, -4.111956e-03, -1.242843e-03, 6.650852e-03,
3.581832e-01, 1.311288e-01, 2.135415e-02, -2.996490e-03, 2.889062e-03, -7.070360e-03, 1.012042e-01, 3.285148e-01,
1.018610e-01, -5.656443e-02, -1.079934e-02, 2.182930e-02, 1.968325e-02, 1.280208e-01, 3.691742e-01, 1.002058e-02,
-1.596051e-02, -3.393773e-02, -1.329293e-03, -1.621374e-02, 5.146522e-03, 4.754516e-01, -2.175532e-02, -1.415889e-03,
5.116848e-03, -2.227975e-03, -4.411991e-03, -1.943969e-02, 2.348836e-01, 1.231815e-02, 2.116254e-03, 7.516116e-03,
-1.239627e-02, -2.499586e-03, -1.272667e-03, 4.653457e-01, 3.689650e-02, 1.412777e-02, -4.390263e-02, 1.466484e-02,
-2.538309e-02, 1.873602e-02, 1.542303e-02, 3.223922e-02, -4.005276e-02, -1.152169e-02, -9.103352e-03, -4.514560e-03,
4.058008e-02, 4.459102e-02, -1.896582e-01, -1.069413e-02, -3.241028e-02, 4.903370e-02, -7.002029e-05, -9.914086e-04,
4.696230e-03, 8.331594e-02, 3.174070e-02, -4.642934e-03, 1.639601e-03, -4.681563e-03, 1.553248e-02, 1.071092e-03,
-3.472222e-02, 7.002265e-03, -1.165608e-02, 1.523313e-02, 2.611639e-02, -5.937058e-03, 1.273959e-02, -6.551900e-02,
4.759075e-02, 8.333265e-03, -2.328509e-02, 7.225746e-03, -5.566358e-03, -6.092617e-04, 2.142224e-03, 5.249669e-02,
-2.883348e-02, 6.850766e-03, 1.713798e-02, -3.243281e-03, 2.378525e-02, 6.763898e-02, -1.667711e-01, 1.685657e-03,
-1.586742e-02, 3.579021e-04, 2.365160e-04, -3.128976e-03, 6.023197e-03, 5.230647e-02, 1.067614e-02, 2.856642e-03,
3.266349e-03, 3.854001e-03, -2.131982e-02, 6.574915e-03, -3.278624e-02, 1.257425e-03, -2.236672e-03, 6.199983e-03,
1.857138e-04, -1.751193e-02, -2.542186e-03, -7.499187e-03, -1.858171e-03, -6.270304e-02, 4.080039e-02, 4.660335e-02,
-2.508578e-02, -1.067214e-02, 6.040179e-03, -1.424338e-01, 5.854941e-02, -2.374741e-02, -1.540282e-02, -6.338997e-04,
-2.834107e-03, -3.787650e-02, 5.487296e-02, -2.132919e-03, 2.032970e-02, -2.963365e-02, 2.499123e-03, -7.386880e-03,
-3.634222e-03, -1.252079e-01, -2.776532e-02, -1.252578e-02, -2.458315e-03, 7.513287e-03, 4.637784e-03, 3.664971e-03,
8.554664e-02, -4.682896e-03, 1.296577e-03, -1.417638e-02, -2.523064e-03, -9.453775e-04, 1.582040e-03, 2.834044e-02,
-5.226514e-02, 1.265413e-02, -2.414963e-02, -4.341552e-04, 7.426992e-02, 2.222859e-02, -2.711936e-02, 7.357303e-03,
-7.139701e-03, 1.141781e-02, 2.033552e-02, 1.048396e-02, -4.709084e-02, 1.603885e-02, -2.410340e-02, 3.262165e-03,
-1.479424e-02, 9.889965e-03, -1.145541e-03, -2.399227e-03, -4.009488e-03, -1.925824e-02, 3.980875e-04, 5.501381e-03,
8.714554e-03, -6.098701e-04, -4.246549e-03, 5.021809e-03, -1.395234e-01, -1.217376e-02, 1.019788e-02, -6.548012e-03,
1.996817e-03, 5.130082e-03, -1.906176e-02, -2.749807e-03, -1.343510e-02, -2.878158e-02, -5.499247e-02, -1.272178e-02,
-5.045323e-02, 2.932775e-02, -3.880044e-02, -1.131190e-02, -4.526577e-02, 3.314371e-02, -1.370021e-02, 2.237068e-02,
-4.489462e-02, -2.622534e-02, -3.564620e-02, 9.731561e-03, 3.993958e-02, 1.655160e-02, 5.126322e-03, -4.454965e-03,
6.267461e-03, -1.116807e-01, 3.036960e-02, -2.474892e-03, 1.337215e-02, 2.811068e-03, -1.465816e-02, 1.137961e-02,
-1.510932e-01, -1.022508e-02, 1.021643e-02, 6.661111e-03, -4.720639e-03, -1.248689e-02, -1.217477e-02, -1.601832e-01,
-9.316233e-02, 6.271832e-03, 3.082426e-02, -1.157171e-03, 2.669553e-03, 1.841112e-03, -1.891004e-02, 4.653170e-03,
8.444826e-03, -1.091609e-02, 3.045706e-04, -2.400312e-03, -1.538120e-02, 4.181646e-03, 1.732255e-02, 1.418357e-02,
-5.358807e-03, -7.661488e-03, -3.572259e-03, -4.485420e-03, -5.845850e-04, -3.807012e-02, -1.963232e-03, -1.951798e-03,
-7.425538e-03, -4.769901e-04, 5.559139e-04, -1.253347e-02, 2.033693e-04, -1.287978e-02, -2.458885e-03, -1.980817e-03,
-4.921711e-05, -7.762830e-03, -2.431910e-03, 3.372770e-02, -2.605814e-01, 5.903438e-02, 7.627347e-02, 3.237011e-02,
4.961028e-03, -5.531195e-02, -5.783664e-02, 6.163115e-02, 1.366722e-02, 3.382064e-02, 9.969911e-03, -2.193744e-02,
-5.709520e-02, 5.311794e-03, 7.315771e-02, 1.188932e-02, -9.041474e-03, 3.496231e-02, -9.755910e-03, -1.648522e-03,
1.738234e-03, -5.923054e-02, -9.669250e-03, -1.664092e-02, -2.266872e-02, 7.621306e-03, 3.486775e-03, 7.478661e-03,
-9.303626e-03, -4.866451e-03, 2.173604e-02, -1.214273e-02, 6.666698e-03, -4.551699e-03, 6.819257e-03, 9.723542e-02,
-4.288501e-02, -3.113087e-02, 2.107375e-02, 4.592840e-03, 2.199446e-02, 7.543889e-03, -4.311647e-02, -4.326497e-02,
2.413924e-02, -2.099733e-02, 1.963278e-02, 1.011223e-02, -1.523822e-02, -4.326420e-03, 1.364344e-02, -6.927954e-03,
1.938275e-02, -1.906201e-03, -1.207115e-03, -8.695537e-03, 9.647163e-04, -1.298971e-01, -9.587441e-04, 2.026112e-02,
3.886124e-03, 4.584653e-03, 3.000627e-03, 2.664419e-03, -3.134807e-03, -1.385781e-02, -1.308628e-03, 2.202904e-03,
-5.812843e-04, -2.602349e-03, -3.614324e-03, 3.251685e-03, -8.631915e-02, 2.812632e-02, -2.205723e-02, 2.180555e-02,
5.159903e-02, -1.465237e-02, -4.533575e-02, 2.242516e-02, -1.107489e-02, 1.687267e-02, 2.049552e-02, -1.780188e-02,
-6.907159e-02, 2.075018e-02, -1.567790e-02, 2.799454e-02, 2.842502e-02, -1.155394e-02, 5.214178e-03, -4.123192e-03,
6.857827e-04, -2.252744e-02, -1.198761e-03, 2.691766e-02, 2.276875e-02, -6.608293e-03, 3.894026e-03, -1.928944e-02,
-1.786136e-01, -2.622298e-03, -5.573784e-03, -5.987752e-03, -1.005433e-03, 2.703411e-02, 1.915828e-02, 7.288864e-03,
4.526688e-02, -5.454924e-03, -4.504989e-02, -4.500395e-03, 2.520989e-02, 2.562893e-02, 3.833569e-02, -2.658289e-02,
-1.036454e-01, -2.995060e-02, 1.703947e-02, -3.914616e-02, 4.989810e-02, -3.211143e-02, -1.592164e-01, 4.789863e-03,
2.784002e-02, -8.585260e-02, -2.495852e-03, 4.007375e-03, -5.151730e-03, 3.611987e-02, -5.556910e-03, 7.810742e-03,
6.043128e-03, 4.549991e-03, 1.371120e-02, -7.573742e-03, -3.160804e-02, -2.506193e-02, 3.665630e-03, -4.113778e-03,
-2.761784e-02, 2.876468e-02, -9.226232e-03, -2.338258e-01, 7.066818e-02, -3.141474e-02, -2.574024e-02, -1.019109e-02,
-1.295817e-02, 2.749331e-02, 6.336290e-02, -1.261446e-01, -5.833953e-03, 1.277642e-02, 3.868387e-03, 5.432700e-02,
6.418914e-02, -3.863313e-02, -8.304283e-02, -1.404643e-02, -9.479782e-03, 9.725185e-02, -7.094601e-03, -5.103394e-03,
-8.666369e-04, 5.096978e-02, 4.099882e-02, 2.493227e-02, -4.600191e-03, 1.003156e-02, 6.878779e-03, 4.317364e-02,
8.537239e-02, -2.605072e-03, -1.076129e-02, 9.114697e-03, 2.513268e-02, 1.207858e-02, -2.105454e-03, -1.275897e-01,
-2.193157e-02, -7.330315e-03, -1.881523e-02, -9.710289e-03, -4.373325e-02, -1.872465e-03, -1.664392e-02, -2.722003e-03,
-2.139353e-02, -6.090869e-04, -3.998810e-02, 1.056119e-02, -1.462465e-02, -9.321504e-03, -2.538836e-02, -1.808843e-02,
-4.232960e-02, -3.692654e-03, 1.458509e-03, 7.048017e-04, -1.057469e-02, -5.529308e-02, -3.684082e-02, -4.655987e-02,
-5.846093e-03, 3.159609e-03, -1.084337e-02, -1.340267e-02, -6.509132e-02, -1.660954e-02, 1.553598e-03, -1.753325e-03,
-1.946758e-03, -3.652503e-02, -1.083504e-02, -5.200632e-02, 2.883612e-02, 2.017344e-03, -4.173741e-03, -7.044156e-04,
-1.901093e-03, 1.128111e-02, 2.327714e-02, 1.386028e-02, -4.396598e-02, -1.337362e-02, -7.972877e-03, 2.906435e-02,
4.464251e-02, 2.538622e-02, -1.558769e-01, -1.692458e-02, -2.860689e-02, 2.599417e-02, -2.381336e-03, 1.582815e-03,
-2.559471e-03, 6.589383e-02, 1.057748e-02, -9.569041e-03, -1.792166e-03, 1.760180e-03, -4.350798e-04, 5.687307e-03,
-1.173196e-02, -2.654209e-03, -5.817672e-03, 6.765057e-03, 1.019215e-02, 2.370280e-03, 1.026640e-03, -6.359895e-02,
3.281266e-01, 7.281374e-02, 1.062887e-01, 4.034826e-02, 8.384998e-02, -2.632193e-02, 1.246089e-01, 2.550417e-01,
1.038912e-01, -8.274208e-02, -2.543876e-02, 1.678114e-01, 9.204550e-02, 5.097642e-02, 4.036910e-01, -5.403000e-02,
-1.370936e-01, -6.260054e-02, 1.725194e-02, -1.861772e-02, -1.374280e-02, 4.097882e-01, -3.517018e-02, -1.365104e-02,
2.500569e-02, -2.174586e-03, -4.010128e-02, -2.609203e-02, 4.469567e-01, -4.195303e-02, -9.268982e-03, 3.889035e-02,
-3.072245e-02, -1.453654e-02, -5.062031e-02, 3.764700e-01, 6.590299e-02, -1.037551e-02, -1.830927e-02, 3.288318e-03,
-4.527803e-03, -2.425132e-02, 1.462285e-02, 7.966926e-03, -2.928309e-02, 1.537199e-02, -1.159630e-02, -9.639087e-02,
2.660725e-02, 1.646999e-03, -6.679812e-02, -1.035686e-02, 7.345726e-03, -1.004316e-01, -1.658619e-03, 4.212447e-03,
8.877954e-03, 3.164214e-02, -1.579280e-02, 1.164194e-02, 5.599333e-04, 7.339513e-04, -1.946847e-04, -1.806890e-02,
2.050365e-02, 2.908487e-03, 9.879798e-03, -1.942645e-02, -2.273517e-02, -7.490420e-03, -3.257279e-03, -3.037997e-02,
-7.947750e-03, -4.155318e-02, -4.953342e-03, -4.605889e-02, 1.501326e-02, 4.964624e-02, -1.050648e-02, -6.217692e-02,
-8.800728e-03, -7.053356e-02, 2.927957e-02, 4.652322e-02, -1.540963e-03, -3.868433e-02, -1.068208e-02, -2.125173e-02,
2.781839e-02, 5.975634e-02, -1.757139e-02, -1.178718e-02, -5.113559e-03, -1.153196e-01, 5.664577e-02, 3.848555e-02,
8.293423e-03, 7.953330e-03, 5.172810e-03, 6.410034e-02, -1.070705e-02, -3.227689e-02, 5.277389e-03, 9.405542e-03,
1.872756e-02, 3.054878e-02, -4.767493e-02, -1.120113e-01, -5.062885e-02, 2.946384e-02, -2.835156e-02, 1.460942e-02,
8.632533e-03, 1.240992e-02, -1.248717e-02, 1.046929e-02, -4.312215e-03, 1.203295e-02, -3.041421e-03, 8.416979e-03,
-5.131669e-02, 2.948053e-02, -3.652435e-02, 1.457764e-02, -7.491663e-02, -5.906508e-03, -7.579921e-03, -5.444965e-04,
-1.256114e-03, 9.301955e-03, -1.684408e-02, -1.157308e-02, -9.837036e-03, -5.044942e-03, -2.011656e-03, 6.016393e-03,
-1.599326e-01, 1.570998e-03, 4.988118e-03, -5.027006e-03, -3.079738e-03, -7.784165e-03, -7.131464e-03, 3.043789e-02,
-5.702430e-02, -8.364183e-02, 3.005655e-02, -4.268023e-02, -5.237687e-02, -3.250663e-02, -6.403746e-02, -7.472204e-02,
3.220562e-02, 7.686497e-02, -3.582726e-02, 1.137001e-02, -2.941381e-02, -3.710638e-02, 1.110634e-02, -3.958901e-06,
-1.179025e-02, -9.665611e-03, 1.073295e-02, -7.392428e-03, -9.423361e-03, -3.113409e-01, -2.684792e-02, -9.475175e-02,
-1.224508e-02, -1.180807e-02, 4.525640e-03, -2.058418e-02, -2.716984e-02, -7.600090e-03, -1.156950e-02, 5.693314e-03,
1.549845e-03, -6.064444e-02, -3.974156e-03, -4.564945e-02, -1.113899e-01, 4.182612e-02, 4.306982e-03, -3.152473e-03,
-6.899417e-04, 1.958244e-02, -3.396329e-03, 3.818323e-02, -1.761213e-03, -7.885479e-04, 1.792509e-03, -2.639510e-03,
-3.537311e-02, 2.836194e-02, 3.403359e-03, -1.800447e-02, 6.252211e-04, -1.200642e-02, -3.080972e-03, -3.273219e-03,
2.301870e-03, 4.065664e-02, 5.568836e-03, 1.617862e-02, -5.223141e-04, -1.181696e-03, 6.955499e-04, 6.963140e-03,
-5.667879e-02, -2.309408e-02, 8.008089e-04, -3.491051e-03, -5.349466e-04, 2.107943e-02, 9.514156e-03, 7.668651e-02,
-7.515465e-02, -4.639841e-03, 3.502993e-03, 1.997946e-02, -1.152989e-02, -3.792527e-02, -3.797591e-02, 6.201313e-03,
4.042482e-04, 7.172636e-02, 2.529550e-02, -7.169923e-03, -5.062657e-02, -7.092453e-03, 1.016308e-02, 2.493186e-02,
1.832043e-02, -2.117709e-02, 1.265906e-02, -2.666879e-04, -5.693563e-03, -8.536214e-02, -2.791876e-02, -4.310839e-03,
7.455277e-04, -4.918016e-03, 1.114032e-02, -3.870470e-02, -7.835569e-02, -1.081391e-04, -7.810431e-03, -1.215004e-03,
-2.287329e-03, 1.073449e-02, 1.796095e-02, -1.323249e-03, -3.410914e-02, -2.938302e-02, 1.053765e-02, 7.855728e-02,
-1.785718e-02, 1.584332e-02, -2.640817e-02, -4.463697e-02, 9.692739e-03, 7.946925e-02, -2.521375e-02, 1.430992e-02,
-1.732389e-02, -1.348004e-02, 1.167087e-02, 3.021778e-02, -8.112333e-03, 5.246084e-03, 1.901388e-02, 1.000828e-02,
-6.369527e-03, -1.342321e-01, 2.134397e-02, -4.713747e-02, -1.875888e-03, -4.344032e-03, 1.632066e-03, 2.481336e-02,
-2.530716e-02, 2.386884e-02, 3.241370e-03, 2.424219e-03, 3.553371e-04, -2.992253e-02, 1.556325e-02, -2.152378e-02,
-1.805183e-01, 4.075783e-02, 4.510458e-02, -4.876993e-02, 3.957792e-02, 7.606095e-03, -7.818102e-02, 5.696754e-02,
2.230022e-02, -4.600463e-02, 2.276448e-02, -2.098078e-02, -7.803125e-02, 2.860845e-02, 4.150197e-02, -1.128688e-02,
2.243214e-02, 2.265767e-02, -2.232305e-02, -2.755423e-02, 1.009843e-02, -6.259406e-02, 1.718269e-02, 3.715648e-03,
9.499816e-03, -9.110459e-03, 2.034231e-02, 8.540436e-03, -7.838136e-02, -3.846604e-02, 4.081669e-03, -4.465847e-03,
3.411797e-03, 5.265415e-02, -1.369930e-02, 1.382701e-01, 9.967070e-03, -7.895276e-03, -3.854742e-02, -2.834668e-03,
6.307354e-03, 3.492711e-02, 3.707855e-02, -4.181676e-02, -1.182700e-01, -1.917670e-02, 1.012170e-02, 1.878417e-02,
3.990120e-02, -6.429086e-02, -1.041263e-01, -2.947310e-02, 3.708238e-03, -5.100041e-02, -3.128240e-03, 3.725630e-03,
5.869744e-04, 7.193394e-03, -6.532899e-03, -1.528522e-02, 9.109921e-04, -2.279193e-03, 6.651175e-03, 5.939283e-03,
-1.907972e-02, -3.567509e-02, 6.453277e-03, -2.022004e-02, -7.425986e-05, -4.257656e-02, -2.010501e-02, -2.718658e-01,
1.021685e-01, -9.224122e-02, 3.745083e-02, 2.262061e-02, 5.686870e-03, -3.186767e-02, 8.956416e-02, -3.339236e-01,
9.149814e-02, 9.992813e-03, -6.947579e-02, -5.505235e-02, 4.108005e-02, -8.717735e-02, 9.859774e-02, 1.409535e-02,
-4.403885e-02, -2.515801e-02, -4.325657e-03, -2.190133e-02, 4.631998e-03, -4.626178e-02, -1.723675e-03, -2.391177e-03,
3.598380e-03, 2.419723e-02, -2.137790e-02, -1.618572e-02, 2.564769e-01, 2.151883e-02, 5.051190e-03, -3.544665e-02,
-1.667714e-03, 7.563172e-03, 1.454078e-02, -3.876760e-02, -6.717719e-04, -2.090767e-02, -2.137926e-02, -1.019214e-04,
8.446654e-03, 1.137373e-02, -1.917026e-02, -1.351762e-02, -2.305334e-02, -1.609385e-02, 1.792155e-02, 4.038526e-02,
-2.662911e-02, -2.784029e-02, -4.592005e-03, 4.106009e-03, 8.485376e-03, 7.941545e-04, -2.798484e-03, 1.926168e-03,
-8.015960e-04, -6.589590e-02, -9.861398e-03, 6.684047e-03, -3.475524e-03, 3.223020e-03, 3.018383e-03, -2.350579e-03,
-4.777242e-02, 5.431427e-03, 2.468182e-03, -1.923794e-03, 3.581362e-03, 9.164938e-03, -1.140185e-03, -7.697805e-02,
5.529579e-02, 1.420442e-02, -1.005031e-02, -1.392286e-03, 1.038562e-02, 2.707523e-03, 2.552315e-02, 5.573118e-02,
-6.045572e-02, -1.719956e-02, 2.481015e-02, 2.430649e-02, 4.276907e-02, 8.328423e-02, -2.285420e-01, -1.188291e-02,
5.445285e-02, 3.281914e-02, 1.608303e-04, 3.451994e-04, -1.711165e-03, 1.295921e-01, 9.434243e-03, 1.499711e-02,
-2.175941e-03, -1.214056e-03, 7.102903e-03, 6.270044e-03, -2.896123e-02, -3.447823e-03, -2.559559e-03, -1.992719e-03,
7.526747e-03, 5.483518e-03, -5.791115e-03, -1.142320e-02, 8.872228e-02, -2.677604e-04, -3.467633e-02, -1.123087e-02,
2.070010e-02, -6.269830e-02, 4.445075e-02, -1.250498e-02, -5.602090e-02, -3.939222e-02, 1.226629e-02, -1.650619e-01,
4.769801e-02, 7.276274e-03, -9.902709e-02, -1.731599e-02, 2.235104e-02, -1.309584e-01, 3.831626e-03, 1.303766e-03,
9.715709e-03, 1.143234e-01, -5.980873e-02, 2.742639e-02, 8.597027e-03, 4.238741e-03, 1.428148e-02, -6.310475e-02,
5.261698e-02, 6.995092e-03, 5.595353e-03, -3.436060e-02, -2.719627e-02, 8.415652e-04, -1.168660e-02, -5.897468e-02,
3.483080e-01, 7.842832e-02, 5.379915e-02, 2.741626e-02, -4.641410e-02, 6.211976e-02, 3.823308e-02, 4.647484e-01,
6.522788e-02, 6.501824e-03, -9.323474e-02, 6.223712e-02, 4.910325e-02, 1.255075e-01, 3.115953e-01, -3.307044e-02,
7.732325e-02, 1.079521e-01, 6.425855e-03, 9.210326e-04, -1.932059e-02, 3.186541e-01, 4.169650e-02, -9.969188e-02,
-1.161623e-02, -4.708940e-02, 3.150525e-02, 4.976667e-02, 2.705335e-01, -4.246669e-02, 7.660216e-03, 4.674559e-03,
2.705335e-01, -4.246669e-02, 7.660216e-03, 4.674559e-03, 
