         1       0.000000       0.000000       0.000000       0.000000       0.000000       0.000000       0.000000       0.000000       0.000000       0.000000       0.000000       0.000000       0.000000       0.000000       0.000000       0.000000       0.000000       0.000000    0.000000000    0.000000000    0.000000000    0.000000000
         1       0.000000       0.000000       0.000000       0.000000       0.000000       0.000000       0.000000       0.000000       0.000000       0.000000       0.000000       0.000000       0.000000       0.000000       0.000000       0.000000       0.000000       0.000000    0.000000000    0.000000000    0.000000000    0.000000000
         1       0.000000       0.000000       0.000000       0.000000       0.000000       0.000000       0.000000       0.000000       0.000000       0.000000       0.000000       0.000000       0.000000       0.000000       0.000000       0.000000       0.000000       0.000000    0.000000000    0.000000000    0.000000000    0.000000000
         1       0.000000       0.000000       0.000000       0.000000       0.000000       0.000000       0.000000       0.000000       0.000000       0.000000       0.000000       0.000000       0.000000       0.000000       0.000000       0.000000       0.000000       0.000000    0.000000000    0.000000000    0.000000000    0.000000000
         1       0.000000       0.000000       0.000000       0.000000       0.000000       0.000000       0.000000       0.000000       0.000000       0.000000       0.000000       0.000000       0.000000       0.000000       0.000000       0.000000       0.000000       0.000000    0.000000000    0.000000000    0.000000000    0.000000000
         1       0.000000       0.000000       0.000000       0.000000       0.000000       0.000000       0.000000       0.000000       0.000000       0.000000       0.000000       0.000000       0.000000       0.000000       0.000000       0.000000       0.000000       0.000000    0.000000000    0.000000000    0.000000000    0.000000000
         1       0.000000       0.000000       0.000000       0.000000       0.000000       0.000000       0.000000       0.000000       0.000000       0.000000       0.000000       0.000000       0.000000       0.000000       0.000000       0.000000       0.000000       0.000000    0.000000000    0.000000000    0.000000000    0.000000000
         1       0.000000       0.000000       0.000000       0.000000       0.000000       0.000000       0.000000       0.000000       0.000000       0.000000       0.000000       0.000000       0.000000       0.000000       0.000000       0.000000       0.000000       0.000000    0.000000000    0.000000000    0.000000000    0.000000000
         1       0.000000       0.000000       0.000000       0.000000       0.000000       0.000000       0.000000       0.000000       0.000000       0.000000       0.000000       0.000000       0.000000       0.000000       0.000000       0.000000       0.000000       0.000000    0.000000000    0.000000000    0.000000000    0.000000000
         1       0.000000       0.000000       0.000000       0.000000       0.000000       0.000000       0.000000       0.000000       0.000000       0.000000       0.000000       0.000000       0.000000       0.000000       0.000000       0.000000       0.000000       0.000000    0.000000000    0.000000000    0.000000000    0.000000000
         1       0.000000       0.000000       0.000000       0.000000       0.000000       0.000000       0.000000       0.000000       0.000000       0.000000       0.000000       0.000000       0.000000       0.000000       0.000000       0.000000       0.000000       0.000000    0.000000000    0.000000000    0.000000000    0.000000000
         1       0.000000       0.000000       0.000000       0.000000       0.000000       0.000000       0.000000       0.000000       0.000000       0.000000       0.000000       0.000000       0.000000       0.000000       0.000000       0.000000       0.000000       0.000000    0.000000000    0.000000000    0.000000000    0.000000000
         1       0.000000       0.000000       0.000000       0.000000       0.000000       0.000000       0.000000       0.000000       0.000000       0.000000       0.000000       0.000000       0.000000       0.000000       0.000000       0.000000       0.000000       0.000000    0.000000000    0.000000000    0.000000000    0.000000000
         1       0.000000       0.000000       0.000000       0.000000       0.000000       0.000000       0.000000       0.000000       0.000000       0.000000       0.000000       0.000000       0.000000       0.000000       0.000000       0.000000       0.000000       0.000000    0.000000000    0.000000000    0.000000000    0.000000000
         1       0.000000       0.000000       0.000000       0.000000       0.000000       0.000000       0.000000       0.000000       0.000000       0.000000       0.000000       0.000000       0.000000       0.000000       0.000000       0.000000       0.000000       0.000000    0.000000000    0.000000000    0.000000000    0.000000000
         1       0.000000       0.000000       0.000000       0.000000       0.000000       0.000000       0.000000       0.000000       0.000000       0.000000       0.000000       0.000000       0.000000       0.000000       0.000000       0.000000       0.000000       0.000000    0.000000000    0.000000000    0.000000000    0.000000000
         1       0.000000       0.000000       0.000000       0.000000       0.000000       0.000000       0.000000       0.000000       0.000000       0.000000       0.000000       0.000000       0.000000       0.000000       0.000000       0.000000       0.000000       0.000000    0.000000000    0.000000000    0.000000000    0.000000000
         1       0.000000       0.000000       0.000000       0.000000       0.000000       0.000000       0.000000       0.000000       0.000000       0.000000       0.000000       0.000000       0.000000       0.000000       0.000000       0.000000       0.000000       0.000000    0.000000000    0.000000000    0.000000000    0.000000000
         1       0.000000       0.000000       0.000000       0.000000       0.000000       0.000000       0.000000       0.000000       0.000000       0.000000       0.000000       0.000000       0.000000       0.000000       0.000000       0.000000       0.000000       0.000000    0.000000000    0.000000000    0.000000000    0.000000000
         1       0.000000       0.000000       0.000000       0.000000       0.000000       0.000000       0.000000       0.000000       0.000000       0.000000       0.000000       0.000000       0.000000       0.000000       0.000000       0.000000       0.000000       0.000000    0.000000000    0.000000000    0.000000000    0.000000000
         1       0.000000       0.000000       0.000000       0.000000       0.000000       0.000000       0.000000       0.000000       0.000000       0.000000       0.000000       0.000000       0.000000       0.000000       0.000000       0.000000       0.000000       0.000000    0.000000000    0.000000000    0.000000000    0.000000000
         1       0.000000       0.000000       0.000000       0.000000       0.000000       0.000000       0.000000       0.000000       0.000000       0.000000       0.000000       0.000000       0.000000       0.000000       0.000000       0.000000       0.000000       0.000000    0.000000000    0.000000000    0.000000000    0.000000000
         1       0.000000       0.000000       0.000000       0.000000       0.000000       0.000000       0.000000       0.000000       0.000000       0.000000       0.000000       0.000000       0.000000       0.000000       0.000000       0.000000       0.000000       0.000000    0.000000000    0.000000000    0.000000000    0.000000000
         1       0.000000       0.000000       0.000000       0.000000       0.000000       0.000000       0.000000       0.000000       0.000000       0.000000       0.000000       0.000000       0.000000       0.000000       0.000000       0.000000       0.000000       0.000000    0.000000000    0.000000000    0.000000000    0.000000000
         1       0.000000       0.000000       0.000000       0.000000       0.000000       0.000000       0.000000       0.000000       0.000000       0.000000       0.000000       0.000000       0.000000       0.000000       0.000000       0.000000       0.000000       0.000000    0.000000000    0.000000000    0.000000000    0.000000000
         1       0.000000       0.000000       0.000000       0.000000       0.000000       0.000000       0.000000       0.000000       0.000000       0.000000       0.000000       0.000000       0.000000       0.000000       0.000000       0.000000       0.000000       0.000000    0.000000000    0.000000000    0.000000000    0.000000000
         1       0.928994       0.013454      -0.022698      -0.151418      -0.172521      -0.041146       0.000005      -0.000002      -0.000001       0.000001      -0.000000       0.000000       0.000000      -0.000000      -0.000000       0.000000      -0.000000       0.000000    0.000000000    0.000000000    0.000000000    0.000000000
         1       1.158001      -0.053472      -0.000601       0.132336      -0.200516       0.099893       0.000005      -0.000002      -0.000001      -0.000001      -0.000000       0.000000       0.000000      -0.000000      -0.000000      -0.000000       0.000000      -0.000000    0.000000000    0.000000000    0.000000000    0.000000000
         1       0.893270       0.083308       0.013351       0.098087       0.121316      -0.050049       0.000005      -0.000002      -0.000002      -0.000000      -0.000001      -0.000000       0.000000      -0.000000      -0.000000      -0.000000       0.000000       0.000000    0.000000000    0.000000000    0.000000000    0.000000000
         1       1.220901      -0.268491       0.004419       0.027009       0.013355       0.117274       0.000005      -0.000002      -0.000001      -0.000000      -0.000001       0.000000       0.000000      -0.000000      -0.000000      -0.000000      -0.000000      -0.000000    0.000000000    0.000000000    0.000000000    0.000000000
         1       0.982485      -0.096056       0.055396       0.024593       0.147724      -0.115729       0.000005      -0.000002      -0.000001      -0.000002      -0.000000       0.000000       0.000000      -0.000000      -0.000000      -0.000000       0.000000       0.000000    0.000000000    0.000000000    0.000000000    0.000000000
         1       0.735222       0.083932       0.032953      -0.067937      -0.114116      -0.007011       0.000005      -0.000002      -0.000002       0.000000       0.000000       0.000000       0.000000      -0.000000      -0.000000      -0.000000      -0.000000       0.000000    0.000000000    0.000000000    0.000000000    0.000000000
         1       0.825605       0.147860       0.159503       0.077608      -0.052865       0.024563       0.000006      -0.000002      -0.000002      -0.000000      -0.000000       0.000000       0.000000      -0.000000      -0.000000       0.000000       0.000000       0.000000    0.000000000    0.000000000    0.000000000    0.000000000
         1       1.234120      -0.157395       0.017347       0.086746       0.142402      -0.087331       0.000005      -0.000001      -0.000001       0.000000       0.000000       0.000000       0.000000      -0.000000      -0.000000       0.000000      -0.000000       0.000000    0.000000000    0.000000000    0.000000000    0.000000000
         1       0.858860       0.005184       0.111982      -0.194519       0.050005       0.048317       0.000005      -0.000002      -0.000002       0.000000      -0.000000       0.000000       0.000000      -0.000000      -0.000000      -0.000000       0.000000      -0.000000    0.000000000    0.000000000    0.000000000    0.000000000
         1       1.227551       0.131778      -0.103843      -0.016923      -0.029730       0.156113       0.000005      -0.000002      -0.000001       0.000000       0.000000       0.000000       0.000000      -0.000000       0.000000      -0.000000       0.000000       0.000000    0.000000000    0.000000000    0.000000000    0.000000000
         1       1.111554       0.030888      -0.317859       0.052125      -0.009679      -0.027967       0.000005      -0.000002      -0.000001      -0.000000      -0.000001       0.000000       0.000000      -0.000000      -0.000000       0.000000      -0.000000       0.000000    0.000000000    0.000000000    0.000000000    0.000000000
         1       0.962216       0.107824      -0.000183       0.089509       0.229767      -0.076070       0.000005      -0.000002      -0.000002      -0.000001       0.000000       0.000000       0.000000      -0.000000      -0.000000      -0.000000       0.000000       0.000000    0.000000000    0.000000000    0.000000000    0.000000000
         1       1.197437      -0.185754      -0.279147       0.076672      -0.074382       0.043296       0.000005      -0.000001      -0.000002       0.000000      -0.000000       0.000000       0.000000      -0.000000      -0.000000      -0.000000       0.000000      -0.000000    0.000000000    0.000000000    0.000000000    0.000000000
         1       0.928786       0.013596      -0.022988      -0.150836      -0.172903      -0.040849       0.000005      -0.000002      -0.000001       0.000001      -0.000000       0.000000       0.000000      -0.000000      -0.000000       0.000000      -0.000000       0.000000    0.000000000    0.000000000    0.000000000    0.000000000
         1       1.158157      -0.053813      -0.000874       0.132751      -0.200749       0.100191       0.000005      -0.000002      -0.000001      -0.000001      -0.000000       0.000000       0.000000      -0.000000      -0.000000      -0.000000       0.000000      -0.000000    0.000000000    0.000000000    0.000000000    0.000000000
         1       0.893136       0.083017       0.013330       0.098739       0.120981      -0.049735       0.000005      -0.000002      -0.000002      -0.000000      -0.000001      -0.000000       0.000000      -0.000000      -0.000000      -0.000000       0.000000       0.000000    0.000000000    0.000000000    0.000000000    0.000000000
         1       1.220855      -0.268505       0.004059       0.027374       0.013074       0.117774       0.000005      -0.000002      -0.000001      -0.000000      -0.000001       0.000000       0.000000      -0.000000      -0.000000      -0.000000      -0.000000      -0.000000    0.000000000    0.000000000    0.000000000    0.000000000
         1       0.982431      -0.096110       0.055374       0.025136       0.147220      -0.115548       0.000005      -0.000002      -0.000001      -0.000002      -0.000000       0.000000       0.000000      -0.000000      -0.000000      -0.000000       0.000000       0.000000    0.000000000    0.000000000    0.000000000    0.000000000
         1       0.735100       0.083824       0.032804      -0.067212      -0.114521      -0.006808       0.000005      -0.000002      -0.000002       0.000000       0.000000       0.000000       0.000000      -0.000000      -0.000000      -0.000000      -0.000000       0.000000    0.000000000    0.000000000    0.000000000    0.000000000
         1       0.825630       0.147609       0.159374       0.078337      -0.053313       0.024902       0.000006      -0.000002      -0.000002      -0.000000      -0.000000       0.000000       0.000000      -0.000000      -0.000000       0.000000       0.000000       0.000000    0.000000000    0.000000000    0.000000000    0.000000000
         1       1.234021      -0.157715       0.017462       0.087211       0.142059      -0.087072       0.000005      -0.000001      -0.000001       0.000000       0.000000       0.000000       0.000000      -0.000000      -0.000000       0.000000      -0.000000       0.000000    0.000000000    0.000000000    0.000000000    0.000000000
         1       0.858571       0.005389       0.111804      -0.193946       0.049667       0.048553       0.000005      -0.000002      -0.000002       0.000000      -0.000000       0.000000       0.000000      -0.000000      -0.000000      -0.000000       0.000000      -0.000000    0.000000000    0.000000000    0.000000000    0.000000000
         1       1.227492       0.131573      -0.104017      -0.016372      -0.029805       0.156493       0.000005      -0.000002      -0.000001       0.000000       0.000000       0.000000       0.000000      -0.000000       0.000000      -0.000000       0.000000       0.000000    0.000000000    0.000000000    0.000000000    0.000000000
         1       1.111589       0.030706      -0.318049       0.052848      -0.009830      -0.027608       0.000005      -0.000002      -0.000001      -0.000000      -0.000001       0.000000       0.000000      -0.000000      -0.000000       0.000000      -0.000000       0.000000    0.000000000    0.000000000    0.000000000    0.000000000
         1       0.962171       0.107870      -0.000365       0.090206       0.229322      -0.075708       0.000005      -0.000002      -0.000002      -0.000001       0.000000       0.000000       0.000000      -0.000000      -0.000000      -0.000000       0.000000       0.000000    0.000000000    0.000000000    0.000000000    0.000000000
         1       1.197524      -0.185607      -0.279376       0.076976      -0.074646       0.043444       0.000005      -0.000001      -0.000002       0.000000      -0.000000       0.000000       0.000000      -0.000000      -0.000000      -0.000000       0.000000      -0.000000    0.000000000    0.000000000    0.000000000    0.000000000
         1       1.857571       0.027192      -0.045977      -0.301671      -0.345806      -0.081699       0.000010      -0.000003      -0.000003       0.000001      -0.000000       0.000001       0.000000      -0.000000      -0.000000       0.000000      -0.000000       0.000000    0.000000000    0.000000000    0.000000000    0.000000000
         1       2.316314      -0.107625      -0.001749       0.265501      -0.401499       0.200383       0.000010      -0.000003      -0.000003      -0.000001      -0.000001       0.000000       0.000000      -0.000000      -0.000000      -0.000000       0.000000      -0.000000    0.000000000    0.000000000    0.000000000    0.000000000
         1       1.786271       0.166034       0.026659       0.197479       0.241963      -0.099470       0.000010      -0.000003      -0.000003      -0.000001      -0.000002      -0.000000       0.000000      -0.000000      -0.000000      -0.000000       0.000000       0.000000    0.000000000    0.000000000    0.000000000    0.000000000
         1       2.441709      -0.537011       0.008119       0.054748       0.026148       0.235548       0.000010      -0.000003      -0.000003      -0.000000      -0.000002       0.000000       0.000000      -0.000000      -0.000000      -0.000000      -0.000000      -0.000000    0.000000000    0.000000000    0.000000000    0.000000000
         1       1.964861      -0.192219       0.110749       0.050271       0.294439      -0.231096       0.000009      -0.000003      -0.000003      -0.000003      -0.000000       0.000001       0.000000      -0.000000      -0.000000      -0.000000       0.000000       0.000000    0.000000000    0.000000000    0.000000000    0.000000000
         1       1.470201       0.167647       0.065609      -0.134425      -0.229042      -0.013615       0.000010      -0.000003      -0.000004       0.000000       0.000000       0.000001       0.000000      -0.000000      -0.000000      -0.000000      -0.000000       0.000000    0.000000000    0.000000000    0.000000000    0.000000000
         1       1.651261       0.295218       0.318747       0.156674      -0.106627       0.049804       0.000011      -0.000004      -0.000004      -0.000000      -0.000000       0.000000       0.000000      -0.000000      -0.000000       0.000000       0.000000       0.000000    0.000000000    0.000000000    0.000000000    0.000000000
         1       2.468041      -0.315431       0.034925       0.174421       0.284117      -0.174145       0.000010      -0.000003      -0.000003       0.000000       0.000000       0.000000       0.000000      -0.000000      -0.000000       0.000000      -0.000000       0.000000    0.000000000    0.000000000    0.000000000    0.000000000
         1       1.717143       0.010777       0.223607      -0.387892       0.099333       0.097106       0.000010      -0.000003      -0.000003       0.000001      -0.000001       0.000000       0.000000      -0.000000      -0.000000      -0.000000       0.000000      -0.000000    0.000000000    0.000000000    0.000000000    0.000000000
         1       2.454983       0.263147      -0.208035      -0.032744      -0.059610       0.312986       0.000010      -0.000003      -0.000002       0.000000       0.000001       0.000000       0.000000      -0.000000       0.000000      -0.000000       0.000000       0.000000    0.000000000    0.000000000    0.000000000    0.000000000
         1       2.223177       0.061412      -0.636097       0.105695      -0.019659      -0.055217       0.000010      -0.000004      -0.000002      -0.000000      -0.000002       0.000000       0.000000      -0.000000      -0.000000       0.000000      -0.000000       0.000000    0.000000000    0.000000000    0.000000000    0.000000000
         1       1.924342       0.215739      -0.000731       0.180412       0.458644      -0.151415       0.000010      -0.000003      -0.000003      -0.000001       0.000001       0.000000       0.000000      -0.000000      -0.000000      -0.000000       0.000000       0.000000    0.000000000    0.000000000    0.000000000    0.000000000
         1       2.395049      -0.371214      -0.558752       0.153951      -0.149293       0.086888       0.000009      -0.000003      -0.000004       0.000001      -0.000001       0.000001       0.000000      -0.000000      -0.000000      -0.000000       0.000000      -0.000000    0.000000000    0.000000000    0.000000000    0.000000000
         1       1.857544       0.027189      -0.045950      -0.301632      -0.345754      -0.081736       0.000010      -0.000003      -0.000003       0.000001      -0.000000       0.000001       0.000000      -0.000000      -0.000000       0.000000      -0.000000       0.000000    0.000000000    0.000000000    0.000000000    0.000000000
         1       2.316311      -0.107636      -0.001716       0.265540      -0.401440       0.200353       0.000010      -0.000003      -0.000003      -0.000001      -0.000001       0.000000       0.000000      -0.000000      -0.000000      -0.000000       0.000000      -0.000000    0.000000000    0.000000000    0.000000000    0.000000000
         1       1.786299       0.166030       0.026651       0.197519       0.242011      -0.099497       0.000010      -0.000003      -0.000003      -0.000001      -0.000002      -0.000000       0.000000      -0.000000      -0.000000      -0.000000       0.000000       0.000000    0.000000000    0.000000000    0.000000000    0.000000000
         1       2.441723      -0.536994       0.008120       0.054774       0.026217       0.235511       0.000010      -0.000003      -0.000003      -0.000000      -0.000002       0.000000       0.000000      -0.000000      -0.000000      -0.000000      -0.000000      -0.000000    0.000000000    0.000000000    0.000000000    0.000000000
         1       1.964896      -0.192226       0.110743       0.050295       0.294490      -0.231123       0.000009      -0.000003      -0.000003      -0.000003      -0.000000       0.000001       0.000000      -0.000000      -0.000000      -0.000000       0.000000       0.000000    0.000000000    0.000000000    0.000000000    0.000000000
         1       1.470188       0.167659       0.065618      -0.134385      -0.228979      -0.013624       0.000010      -0.000003      -0.000004       0.000000       0.000000       0.000001       0.000000      -0.000000      -0.000000      -0.000000      -0.000000       0.000000    0.000000000    0.000000000    0.000000000    0.000000000
         1       1.651270       0.295225       0.318754       0.156724      -0.106554       0.049771       0.000011      -0.000004      -0.000004      -0.000000      -0.000000       0.000000       0.000000      -0.000000      -0.000000       0.000000       0.000000       0.000000    0.000000000    0.000000000    0.000000000    0.000000000
         1       2.468065      -0.315437       0.034915       0.174440       0.284163      -0.174160       0.000010      -0.000003      -0.000003       0.000000       0.000000       0.000000       0.000000      -0.000000      -0.000000       0.000000      -0.000000       0.000000    0.000000000    0.000000000    0.000000000    0.000000000
         1       1.717142       0.010779       0.223617      -0.387844       0.099404       0.097079       0.000010      -0.000003      -0.000003       0.000001      -0.000001       0.000000       0.000000      -0.000000      -0.000000      -0.000000       0.000000      -0.000000    0.000000000    0.000000000    0.000000000    0.000000000
         1       2.454989       0.263174      -0.208034      -0.032697      -0.059572       0.312956       0.000010      -0.000003      -0.000002       0.000000       0.000001       0.000000       0.000000      -0.000000       0.000000      -0.000000       0.000000       0.000000    0.000000000    0.000000000    0.000000000    0.000000000
         1       2.223186       0.061414      -0.636086       0.105739      -0.019637      -0.055246       0.000010      -0.000004      -0.000002      -0.000000      -0.000002       0.000000       0.000000      -0.000000      -0.000000       0.000000      -0.000000       0.000000    0.000000000    0.000000000    0.000000000    0.000000000
         1       1.924378       0.215732      -0.000738       0.180446       0.458699      -0.151448       0.000010      -0.000003      -0.000003      -0.000001       0.000001       0.000000       0.000000      -0.000000      -0.000000      -0.000000       0.000000       0.000000    0.000000000    0.000000000    0.000000000    0.000000000
         1       2.395059      -0.371214      -0.558733       0.153993      -0.149246       0.086841       0.000009      -0.000003      -0.000004       0.000001      -0.000001       0.000001       0.000000      -0.000000      -0.000000      -0.000000       0.000000      -0.000000    0.000000000    0.000000000    0.000000000    0.000000000
         1       3.250682       0.047578      -0.080394      -0.527827      -0.605032      -0.143066       0.000017      -0.000006      -0.000005       0.000002      -0.000000       0.000001       0.000000      -0.000000      -0.000000       0.000000      -0.000000       0.000000    0.000000000    0.000000000    0.000000000    0.000000000
         1       4.053541      -0.188370      -0.002979       0.464723      -0.702475       0.350597       0.000017      -0.000005      -0.000005      -0.000002      -0.000001       0.000001       0.000000      -0.000000      -0.000000      -0.000000       0.000000      -0.000000    0.000000000    0.000000000    0.000000000    0.000000000
         1       3.126045       0.290550       0.046634       0.345689       0.423555      -0.174139       0.000018      -0.000006      -0.000006      -0.000002      -0.000004      -0.000000       0.000000      -0.000000      -0.000000      -0.000000       0.000000       0.000000    0.000000000    0.000000000    0.000000000    0.000000000
         1       4.273026      -0.939728       0.014211       0.095874       0.045931       0.412115       0.000017      -0.000005      -0.000005      -0.000000      -0.000003       0.000000       0.000000      -0.000000      -0.000000      -0.000000      -0.000000      -0.000000    0.000000000    0.000000000    0.000000000    0.000000000
         1       3.438594      -0.336400       0.193795       0.088033       0.515395      -0.404486       0.000016      -0.000005      -0.000005      -0.000005      -0.000000       0.000002       0.000000      -0.000000      -0.000000      -0.000000       0.000000       0.000000    0.000000000    0.000000000    0.000000000    0.000000000
         1       2.572820       0.293412       0.114838      -0.235143      -0.400666      -0.023848       0.000018      -0.000006      -0.000007       0.000000       0.000001       0.000001       0.000000      -0.000000      -0.000000      -0.000000      -0.000000       0.000000    0.000000000    0.000000000    0.000000000    0.000000000
         1       2.889729       0.516650       0.557825       0.274304      -0.186415       0.087075       0.000020      -0.000006      -0.000006      -0.000001      -0.000000       0.000001       0.000000      -0.000000      -0.000000       0.000000       0.000000       0.000000    0.000000000    0.000000000    0.000000000    0.000000000
         1       4.319131      -0.552019       0.061094       0.305284       0.497320      -0.304792       0.000017      -0.000005      -0.000005       0.000001       0.000000       0.000000       0.000000      -0.000000      -0.000000       0.000000      -0.000000       0.000000    0.000000000    0.000000000    0.000000000    0.000000000
         1       3.004997       0.018865       0.391337      -0.678692       0.174011       0.169868       0.000018      -0.000006      -0.000006       0.000001      -0.000001       0.000000       0.000000      -0.000000      -0.000000      -0.000000       0.000000      -0.000000    0.000000000    0.000000000    0.000000000    0.000000000
         1       4.296234       0.460576      -0.364060      -0.057185      -0.104223       0.547650       0.000017      -0.000006      -0.000003       0.000001       0.000002       0.000001       0.000000      -0.000000       0.000000      -0.000000       0.000000       0.000000    0.000000000    0.000000000    0.000000000    0.000000000
         1       3.890581       0.107476      -1.113142       0.185075      -0.034348      -0.096702       0.000017      -0.000008      -0.000004      -0.000000      -0.000003       0.000000       0.000000      -0.000000      -0.000000       0.000000      -0.000000       0.000000    0.000000000    0.000000000    0.000000000    0.000000000
         1       3.367690       0.377524      -0.001296       0.315807       0.802764      -0.265060       0.000018      -0.000006      -0.000006      -0.000002       0.000001       0.000001       0.000000      -0.000000      -0.000000      -0.000000       0.000000       0.000000    0.000000000    0.000000000    0.000000000    0.000000000
         1       4.191362      -0.649624      -0.977769       0.269518      -0.261147       0.151937       0.000016      -0.000004      -0.000007       0.000001      -0.000001       0.000001       0.000000      -0.000000      -0.000000      -0.000000       0.000000      -0.000000    0.000000000    0.000000000    0.000000000    0.000000000
         1       3.250681       0.047577      -0.080397      -0.527828      -0.605032      -0.143065       0.000017      -0.000006      -0.000005       0.000002      -0.000000       0.000001       0.000000      -0.000000      -0.000000       0.000000      -0.000000       0.000000    0.000000000    0.000000000    0.000000000    0.000000000
         1       4.053540      -0.188370      -0.002982       0.464722      -0.702476       0.350597       0.000017      -0.000005      -0.000005      -0.000002      -0.000001       0.000001       0.000000      -0.000000      -0.000000      -0.000000       0.000000      -0.000000    0.000000000    0.000000000    0.000000000    0.000000000
         1       3.126043       0.290550       0.046631       0.345688       0.423556      -0.174139       0.000018      -0.000006      -0.000006      -0.000002      -0.000004      -0.000000       0.000000      -0.000000      -0.000000      -0.000000       0.000000       0.000000    0.000000000    0.000000000    0.000000000    0.000000000
         1       4.273025      -0.939728       0.014208       0.095874       0.045931       0.412116       0.000017      -0.000005      -0.000005      -0.000000      -0.000003       0.000000       0.000000      -0.000000      -0.000000      -0.000000      -0.000000      -0.000000    0.000000000    0.000000000    0.000000000    0.000000000
         1       3.438592      -0.336399       0.193791       0.088032       0.515395      -0.404486       0.000016      -0.000005      -0.000005      -0.000005      -0.000000       0.000002       0.000000      -0.000000      -0.000000      -0.000000       0.000000       0.000000    0.000000000    0.000000000    0.000000000    0.000000000
         1       2.572819       0.293412       0.114834      -0.235144      -0.400666      -0.023848       0.000018      -0.000006      -0.000007       0.000000       0.000001       0.000001       0.000000      -0.000000      -0.000000      -0.000000      -0.000000       0.000000    0.000000000    0.000000000    0.000000000    0.000000000
         1       2.889727       0.516649       0.557822       0.274303      -0.186416       0.087075       0.000020      -0.000006      -0.000006      -0.000001      -0.000000       0.000001       0.000000      -0.000000      -0.000000       0.000000       0.000000       0.000000    0.000000000    0.000000000    0.000000000    0.000000000
         1       4.319130      -0.552019       0.061091       0.305284       0.497320      -0.304792       0.000017      -0.000005      -0.000005       0.000001       0.000000       0.000000       0.000000      -0.000000      -0.000000       0.000000      -0.000000       0.000000    0.000000000    0.000000000    0.000000000    0.000000000
         1       3.004996       0.018865       0.391334      -0.678693       0.174010       0.169869       0.000018      -0.000006      -0.000006       0.000001      -0.000001       0.000000       0.000000      -0.000000      -0.000000      -0.000000       0.000000      -0.000000    0.000000000    0.000000000    0.000000000    0.000000000
         1       4.296233       0.460575      -0.364063      -0.057185      -0.104223       0.547650       0.000017      -0.000006      -0.000003       0.000001       0.000002       0.000001       0.000000      -0.000000       0.000000      -0.000000       0.000000       0.000000    0.000000000    0.000000000    0.000000000    0.000000000
         1       3.890580       0.107476      -1.113145       0.185074      -0.034348      -0.096701       0.000017      -0.000008      -0.000004      -0.000000      -0.000003       0.000000       0.000000      -0.000000      -0.000000       0.000000      -0.000000       0.000000    0.000000000    0.000000000    0.000000000    0.000000000
         1       3.367688       0.377524      -0.001300       0.315806       0.802765      -0.265059       0.000018      -0.000006      -0.000006      -0.000002       0.000001       0.000001       0.000000      -0.000000      -0.000000      -0.000000       0.000000       0.000000    0.000000000    0.000000000    0.000000000    0.000000000
         1       4.191360      -0.649624      -0.977773       0.269518      -0.261148       0.151938       0.000016      -0.000004      -0.000007       0.000001      -0.000001       0.000001       0.000000      -0.000000      -0.000000      -0.000000       0.000000      -0.000000    0.000000000    0.000000000    0.000000000    0.000000000
         1       5.340386       0.078160      -0.132066      -0.867121      -0.993949      -0.235059       0.000027      -0.000010      -0.000008       0.000003      -0.000000       0.000002       0.000000      -0.000000      -0.000000       0.000000      -0.000000       0.000000    0.000000000    0.000000000    0.000000000    0.000000000
         1       6.659384      -0.309472      -0.004881       0.763496      -1.154031       0.575963       0.000029      -0.000009      -0.000008      -0.000003      -0.000002       0.000001       0.000000      -0.000000      -0.000000      -0.000000       0.000000      -0.000000    0.000000000    0.000000000    0.000000000    0.000000000
         1       5.135659       0.477328       0.076600       0.567941       0.695872      -0.286102       0.000029      -0.000010      -0.000009      -0.000003      -0.000006      -0.000000       0.000000      -0.000000      -0.000000      -0.000000       0.000000       0.000000    0.000000000    0.000000000    0.000000000    0.000000000
         1       7.019977      -1.543829       0.023340       0.157525       0.075501       0.677025       0.000027      -0.000009      -0.000009      -0.000000      -0.000005       0.000001       0.000000      -0.000000      -0.000000      -0.000000      -0.000000      -0.000000    0.000000000    0.000000000    0.000000000    0.000000000
         1       5.649136      -0.552660       0.318365       0.144639       0.846754      -0.664530       0.000027      -0.000009      -0.000008      -0.000009      -0.000001       0.000003       0.000000      -0.000000      -0.000000      -0.000000       0.000000       0.000000    0.000000000    0.000000000    0.000000000    0.000000000
         1       4.226764       0.482043       0.188658      -0.386283      -0.658196      -0.039184       0.000030      -0.000010      -0.000011       0.000000       0.000001       0.000002       0.000000      -0.000000      -0.000000      -0.000000      -0.000000       0.000000    0.000000000    0.000000000    0.000000000    0.000000000
         1       4.747414       0.848785       0.916423       0.450672      -0.306209       0.143031       0.000032      -0.000010      -0.000010      -0.000001      -0.000001       0.000001       0.000000      -0.000000      -0.000000       0.000000       0.000000       0.000000    0.000000000    0.000000000    0.000000000    0.000000000
         1       7.095727      -0.906892       0.100355       0.501549       0.817056      -0.500740       0.000028      -0.000008      -0.000008       0.000001       0.000000       0.000001       0.000000      -0.000000      -0.000000       0.000000      -0.000000       0.000000    0.000000000    0.000000000    0.000000000    0.000000000
         1       4.936777       0.030993       0.642909      -1.114966       0.285919       0.279053       0.000030      -0.000010      -0.000010       0.000002      -0.000002       0.000001       0.000000      -0.000000      -0.000000      -0.000000       0.000000      -0.000000    0.000000000    0.000000000    0.000000000    0.000000000
         1       7.058100       0.756676      -0.598107      -0.093918      -0.171199       0.899692       0.000028      -0.000010      -0.000005       0.000001       0.000002       0.000001       0.000000      -0.000000       0.000000      -0.000000       0.000000       0.000000    0.000000000    0.000000000    0.000000000    0.000000000
         1       6.391673       0.176568      -1.828734       0.304078      -0.056415      -0.158884       0.000028      -0.000012      -0.000007      -0.000000      -0.000005       0.000001       0.000000      -0.000000      -0.000000       0.000000      -0.000000       0.000000    0.000000000    0.000000000    0.000000000    0.000000000
         1       5.532652       0.620213      -0.002143       0.518845       1.318863      -0.435474       0.000030      -0.000010      -0.000009      -0.000004       0.000001       0.000001       0.000000      -0.000000      -0.000000      -0.000000       0.000000       0.000000    0.000000000    0.000000000    0.000000000    0.000000000
         1       6.885812      -1.067239      -1.606332       0.442805      -0.428999       0.249583       0.000026      -0.000007      -0.000011       0.000002      -0.000002       0.000002       0.000000      -0.000000      -0.000000      -0.000000       0.000000      -0.000000    0.000000000    0.000000000    0.000000000    0.000000000
         1       5.340386       0.078160      -0.132067      -0.867121      -0.993949      -0.235059       0.000027      -0.000010      -0.000008       0.000003      -0.000000       0.000002       0.000000      -0.000000      -0.000000       0.000000      -0.000000       0.000000    0.000000000    0.000000000    0.000000000    0.000000000
         1       6.659383      -0.309472      -0.004881       0.763496      -1.154031       0.575963       0.000029      -0.000009      -0.000008      -0.000003      -0.000002       0.000001       0.000000      -0.000000      -0.000000      -0.000000       0.000000      -0.000000    0.000000000    0.000000000    0.000000000    0.000000000
         1       5.135659       0.477328       0.076600       0.567941       0.695872      -0.286102       0.000029      -0.000010      -0.000009      -0.000003      -0.000006      -0.000000       0.000000      -0.000000      -0.000000      -0.000000       0.000000       0.000000    0.000000000    0.000000000    0.000000000    0.000000000
         1       7.019977      -1.543830       0.023340       0.157525       0.075501       0.677025       0.000027      -0.000009      -0.000009      -0.000000      -0.000005       0.000001       0.000000      -0.000000      -0.000000      -0.000000      -0.000000      -0.000000    0.000000000    0.000000000    0.000000000    0.000000000
         1       5.649136      -0.552660       0.318364       0.144639       0.846754      -0.664530       0.000027      -0.000009      -0.000008      -0.000009      -0.000001       0.000003       0.000000      -0.000000      -0.000000      -0.000000       0.000000       0.000000    0.000000000    0.000000000    0.000000000    0.000000000
         1       4.226764       0.482043       0.188658      -0.386283      -0.658196      -0.039184       0.000030      -0.000010      -0.000011       0.000000       0.000001       0.000002       0.000000      -0.000000      -0.000000      -0.000000      -0.000000       0.000000    0.000000000    0.000000000    0.000000000    0.000000000
         1       4.747414       0.848784       0.916423       0.450672      -0.306209       0.143031       0.000032      -0.000010      -0.000010      -0.000001      -0.000001       0.000001       0.000000      -0.000000      -0.000000       0.000000       0.000000       0.000000    0.000000000    0.000000000    0.000000000    0.000000000
         1       7.095727      -0.906893       0.100355       0.501549       0.817056      -0.500740       0.000028      -0.000008      -0.000008       0.000001       0.000000       0.000001       0.000000      -0.000000      -0.000000       0.000000      -0.000000       0.000000    0.000000000    0.000000000    0.000000000    0.000000000
         1       4.936777       0.030993       0.642908      -1.114966       0.285919       0.279053       0.000030      -0.000010      -0.000010       0.000002      -0.000002       0.000001       0.000000      -0.000000      -0.000000      -0.000000       0.000000      -0.000000    0.000000000    0.000000000    0.000000000    0.000000000
         1       7.058100       0.756676      -0.598107      -0.093918      -0.171199       0.899692       0.000028      -0.000010      -0.000005       0.000001       0.000002       0.000001       0.000000      -0.000000       0.000000      -0.000000       0.000000       0.000000    0.000000000    0.000000000    0.000000000    0.000000000
         1       6.391673       0.176568      -1.828735       0.304078      -0.056415      -0.158884       0.000028      -0.000012      -0.000007      -0.000000      -0.000005       0.000001       0.000000      -0.000000      -0.000000       0.000000      -0.000000       0.000000    0.000000000    0.000000000    0.000000000    0.000000000
         1       5.532652       0.620213      -0.002144       0.518846       1.318863      -0.435474       0.000030      -0.000010      -0.000009      -0.000004       0.000001       0.000001       0.000000      -0.000000      -0.000000      -0.000000       0.000000       0.000000    0.000000000    0.000000000    0.000000000    0.000000000
         1       6.885812      -1.067239      -1.606332       0.442805      -0.428999       0.249583       0.000026      -0.000007      -0.000011       0.000002      -0.000002       0.000002       0.000000      -0.000000      -0.000000      -0.000000       0.000000      -0.000000    0.000000000    0.000000000    0.000000000    0.000000000
         1       8.474943       0.124034      -0.209571      -1.376061      -1.577325      -0.373049       0.000044      -0.000015      -0.000013       0.000005      -0.000000       0.000003       0.000000      -0.000000      -0.000000       0.000000      -0.000000       0.000000    0.000000000    0.000000000    0.000000000    0.000000000
         1      10.568149      -0.491125      -0.007729       1.211657      -1.831363       0.914012       0.000045      -0.000014      -0.000013      -0.000005      -0.000003       0.000002       0.000000      -0.000000      -0.000000      -0.000000       0.000000      -0.000000    0.000000000    0.000000000    0.000000000    0.000000000
         1       8.150083       0.757496       0.121553       0.901320       1.104348      -0.454046       0.000046      -0.000015      -0.000015      -0.000004      -0.000010      -0.000000       0.000000      -0.000000      -0.000000      -0.000000       0.000000       0.000000    0.000000000    0.000000000    0.000000000    0.000000000
         1      11.140406      -2.449981       0.037037       0.250001       0.119857       1.074387       0.000043      -0.000014      -0.000014      -0.000000      -0.000007       0.000001       0.000000      -0.000000      -0.000000      -0.000000      -0.000000      -0.000000    0.000000000    0.000000000    0.000000000    0.000000000
         1       8.964953      -0.877052       0.505224       0.229549       1.343791      -1.054597       0.000043      -0.000014      -0.000013      -0.000014      -0.000001       0.000004       0.000000      -0.000000      -0.000000      -0.000000       0.000000       0.000000    0.000000000    0.000000000    0.000000000    0.000000000
         1       6.707682       0.764988       0.299394      -0.612991      -1.044492      -0.062188       0.000047      -0.000016      -0.000017       0.000001       0.000002       0.000003       0.000000      -0.000000      -0.000000      -0.000000      -0.000000       0.000000    0.000000000    0.000000000    0.000000000    0.000000000
         1       7.533943       1.346987       1.454325       0.715225      -0.485898       0.226965       0.000051      -0.000016      -0.000017      -0.000002      -0.000001       0.000002       0.000000      -0.000000      -0.000000       0.000000       0.000000       0.000000    0.000000000    0.000000000    0.000000000    0.000000000
         1      11.260623      -1.439203       0.159251       0.795947       1.296660      -0.794662       0.000044      -0.000013      -0.000013       0.000001       0.000000       0.000001       0.000000      -0.000000      -0.000000       0.000000      -0.000000       0.000000    0.000000000    0.000000000    0.000000000    0.000000000
         1       7.834449       0.049185       1.020271      -1.769375       0.453783       0.442829       0.000047      -0.000016      -0.000015       0.000003      -0.000002       0.000001       0.000000      -0.000000      -0.000000      -0.000000       0.000000      -0.000000    0.000000000    0.000000000    0.000000000    0.000000000
         1      11.200900       1.200827      -0.949172      -0.149016      -0.271663       1.427755       0.000045      -0.000016      -0.000008       0.000001       0.000004       0.000001       0.000000      -0.000000       0.000000      -0.000000       0.000000       0.000000    0.000000000    0.000000000    0.000000000    0.000000000
         1      10.143311       0.280206      -2.902119       0.482583      -0.089515      -0.252158       0.000045      -0.000020      -0.000011      -0.000000      -0.000008       0.000001       0.000000      -0.000000      -0.000000       0.000000      -0.000000       0.000000    0.000000000    0.000000000    0.000000000    0.000000000
         1       8.780099       0.984246      -0.003409       0.823405       2.093011      -0.691097       0.000048      -0.000015      -0.000015      -0.000006       0.000002       0.000001       0.000000      -0.000000      -0.000000      -0.000000       0.000000       0.000000    0.000000000    0.000000000    0.000000000    0.000000000
         1      10.927489      -1.693663      -2.549172       0.702737      -0.680777       0.396050       0.000041      -0.000012      -0.000018       0.000003      -0.000003       0.000002       0.000000      -0.000000      -0.000000      -0.000000       0.000000      -0.000000    0.000000000    0.000000000    0.000000000    0.000000000
         1       8.474943       0.124034      -0.209571      -1.376061      -1.577325      -0.373049       0.000044      -0.000015      -0.000013       0.000005      -0.000000       0.000003       0.000000      -0.000000      -0.000000       0.000000      -0.000000       0.000000    0.000000000    0.000000000    0.000000000    0.000000000
         1      10.568149      -0.491125      -0.007729       1.211657      -1.831363       0.914012       0.000045      -0.000014      -0.000013      -0.000005      -0.000003       0.000002       0.000000      -0.000000      -0.000000      -0.000000       0.000000      -0.000000    0.000000000    0.000000000    0.000000000    0.000000000
         1       8.150083       0.757496       0.121553       0.901320       1.104348      -0.454046       0.000046      -0.000015      -0.000015      -0.000004      -0.000010      -0.000000       0.000000      -0.000000      -0.000000      -0.000000       0.000000       0.000000    0.000000000    0.000000000    0.000000000    0.000000000
         1      11.140406      -2.449981       0.037037       0.250001       0.119857       1.074387       0.000043      -0.000014      -0.000014      -0.000000      -0.000007       0.000001       0.000000      -0.000000      -0.000000      -0.000000      -0.000000      -0.000000    0.000000000    0.000000000    0.000000000    0.000000000
         1       8.964953      -0.877052       0.505224       0.229549       1.343791      -1.054597       0.000043      -0.000014      -0.000013      -0.000014      -0.000001       0.000004       0.000000      -0.000000      -0.000000      -0.000000       0.000000       0.000000    0.000000000    0.000000000    0.000000000    0.000000000
         1       6.707682       0.764988       0.299394      -0.612991      -1.044492      -0.062188       0.000047      -0.000016      -0.000017       0.000001       0.000002       0.000003       0.000000      -0.000000      -0.000000      -0.000000      -0.000000       0.000000    0.000000000    0.000000000    0.000000000    0.000000000
         1       7.533943       1.346987       1.454325       0.715225      -0.485898       0.226965       0.000051      -0.000016      -0.000017      -0.000002      -0.000001       0.000002       0.000000      -0.000000      -0.000000       0.000000       0.000000       0.000000    0.000000000    0.000000000    0.000000000    0.000000000
         1      11.260623      -1.439203       0.159251       0.795947       1.296660      -0.794662       0.000044      -0.000013      -0.000013       0.000001       0.000000       0.000001       0.000000      -0.000000      -0.000000       0.000000      -0.000000       0.000000    0.000000000    0.000000000    0.000000000    0.000000000
         1       7.834449       0.049185       1.020271      -1.769375       0.453783       0.442829       0.000047      -0.000016      -0.000015       0.000003      -0.000002       0.000001       0.000000      -0.000000      -0.000000      -0.000000       0.000000      -0.000000    0.000000000    0.000000000    0.000000000    0.000000000
         1      11.200900       1.200827      -0.949172      -0.149016      -0.271663       1.427755       0.000045      -0.000016      -0.000008       0.000001       0.000004       0.000001       0.000000      -0.000000       0.000000      -0.000000       0.000000       0.000000    0.000000000    0.000000000    0.000000000    0.000000000
         1      10.143311       0.280206      -2.902119       0.482584      -0.089515      -0.252158       0.000045      -0.000020      -0.000011      -0.000000      -0.000008       0.000001       0.000000      -0.000000      -0.000000       0.000000      -0.000000       0.000000    0.000000000    0.000000000    0.000000000    0.000000000
         1       8.780099       0.984246      -0.003409       0.823405       2.093011      -0.691097       0.000048      -0.000015      -0.000015      -0.000006       0.000002       0.000001       0.000000      -0.000000      -0.000000      -0.000000       0.000000       0.000000    0.000000000    0.000000000    0.000000000    0.000000000
         1      10.927489      -1.693663      -2.549172       0.702737      -0.680777       0.396050       0.000041      -0.000012      -0.000018       0.000003      -0.000003       0.000002       0.000000      -0.000000      -0.000000      -0.000000       0.000000      -0.000000    0.000000000    0.000000000    0.000000000    0.000000000
         1      13.176779       0.192846      -0.325828      -2.139471      -2.452388      -0.580035       0.000068      -0.000024      -0.000021       0.000007      -0.000000       0.000005       0.000000      -0.000000      -0.000000       0.000000      -0.000000       0.000000    0.000000000    0.000000000    0.000000000    0.000000000
         1      16.431297      -0.763605      -0.012002       1.883898      -2.847362       1.421085       0.000070      -0.000022      -0.000020      -0.000008      -0.000004       0.000002       0.000000      -0.000000      -0.000000      -0.000000       0.000000      -0.000000    0.000000000    0.000000000    0.000000000    0.000000000
         1      12.671720       1.177748       0.188983       1.401390       1.717061      -0.705963       0.000072      -0.000024      -0.000023      -0.000006      -0.000016      -0.000000       0.000000      -0.000000      -0.000000      -0.000000       0.000000       0.000000    0.000000000    0.000000000    0.000000000    0.000000000
         1      17.321048      -3.809209       0.057584       0.388714       0.186392       1.670431       0.000068      -0.000022      -0.000021      -0.000000      -0.000011       0.000001       0.000000      -0.000000      -0.000000      -0.000000      -0.000000      -0.000000    0.000000000    0.000000000    0.000000000    0.000000000
         1      13.938678      -1.363639       0.785513       0.356914       2.089347      -1.639697       0.000066      -0.000022      -0.000020      -0.000022      -0.000001       0.000007       0.000000      -0.000000      -0.000000      -0.000000       0.000000       0.000000    0.000000000    0.000000000    0.000000000    0.000000000
         1      10.429060       1.189405       0.465499      -0.953053      -1.623936      -0.096695       0.000074      -0.000025      -0.000027       0.000001       0.000002       0.000004       0.000000      -0.000000      -0.000000      -0.000000      -0.000000       0.000000    0.000000000    0.000000000    0.000000000    0.000000000
         1      11.713737       2.094292       2.261179       1.112055      -0.755432       0.352865       0.000080      -0.000025      -0.000026      -0.000003      -0.000001       0.000003       0.000000      -0.000000      -0.000000       0.000000       0.000000       0.000000    0.000000000    0.000000000    0.000000000    0.000000000
         1      17.507966      -2.237669       0.247595       1.237543       2.016065      -1.235546       0.000068      -0.000020      -0.000021       0.000002       0.000001       0.000002       0.000000      -0.000000      -0.000000       0.000000      -0.000000       0.000000    0.000000000    0.000000000    0.000000000    0.000000000
         1      12.180957       0.076473       1.586314      -2.750989       0.705578       0.688494       0.000074      -0.000025      -0.000024       0.000004      -0.000004       0.000001       0.000000      -0.000000      -0.000000      -0.000000       0.000000      -0.000000    0.000000000    0.000000000    0.000000000    0.000000000
         1      17.415101       1.867054      -1.475770      -0.231664      -0.422359       2.219848       0.000070      -0.000025      -0.000013       0.000002       0.000006       0.000002       0.000000      -0.000000       0.000000      -0.000000       0.000000       0.000000    0.000000000    0.000000000    0.000000000    0.000000000
         1      15.770768       0.435663      -4.512195       0.750342      -0.139165      -0.392070       0.000069      -0.000031      -0.000018      -0.000000      -0.000012       0.000002       0.000000      -0.000000      -0.000000       0.000000      -0.000000       0.000000    0.000000000    0.000000000    0.000000000    0.000000000
         1      13.651268       1.530296      -0.005307       1.280244       3.254232      -1.074532       0.000074      -0.000024      -0.000023      -0.000009       0.000004       0.000002       0.000000      -0.000000      -0.000000      -0.000000       0.000000       0.000000    0.000000000    0.000000000    0.000000000    0.000000000
         1      16.990004      -2.633297      -3.963431       1.092634      -1.058444       0.615751       0.000064      -0.000018      -0.000028       0.000004      -0.000004       0.000004       0.000000      -0.000000      -0.000000      -0.000000       0.000000      -0.000000    0.000000000    0.000000000    0.000000000    0.000000000
         1      13.176779       0.192845      -0.325828      -2.139471      -2.452388      -0.580035       0.000068      -0.000024      -0.000021       0.000007      -0.000000       0.000005       0.000000      -0.000000      -0.000000       0.000000      -0.000000       0.000000    0.000000000    0.000000000    0.000000000    0.000000000
         1      16.431297      -0.763605      -0.012002       1.883898      -2.847361       1.421085       0.000070      -0.000022      -0.000020      -0.000008      -0.000004       0.000002       0.000000      -0.000000      -0.000000      -0.000000       0.000000      -0.000000    0.000000000    0.000000000    0.000000000    0.000000000
         1      12.671720       1.177748       0.188983       1.401390       1.717061      -0.705963       0.000072      -0.000024      -0.000023      -0.000006      -0.000016      -0.000000       0.000000      -0.000000      -0.000000      -0.000000       0.000000       0.000000    0.000000000    0.000000000    0.000000000    0.000000000
         1      17.321048      -3.809209       0.057584       0.388714       0.186392       1.670431       0.000068      -0.000022      -0.000021      -0.000000      -0.000011       0.000001       0.000000      -0.000000      -0.000000      -0.000000      -0.000000      -0.000000    0.000000000    0.000000000    0.000000000    0.000000000
         1      13.938678      -1.363639       0.785513       0.356914       2.089347      -1.639697       0.000066      -0.000022      -0.000020      -0.000022      -0.000001       0.000007       0.000000      -0.000000      -0.000000      -0.000000       0.000000       0.000000    0.000000000    0.000000000    0.000000000    0.000000000
         1      10.429060       1.189405       0.465499      -0.953053      -1.623936      -0.096695       0.000074      -0.000025      -0.000027       0.000001       0.000002       0.000004       0.000000      -0.000000      -0.000000      -0.000000      -0.000000       0.000000    0.000000000    0.000000000    0.000000000    0.000000000
         1      11.713737       2.094292       2.261179       1.112055      -0.755432       0.352865       0.000080      -0.000025      -0.000026      -0.000003      -0.000001       0.000003       0.000000      -0.000000      -0.000000       0.000000       0.000000       0.000000    0.000000000    0.000000000    0.000000000    0.000000000
         1      17.507966      -2.237669       0.247595       1.237543       2.016065      -1.235546       0.000068      -0.000020      -0.000021       0.000002       0.000001       0.000002       0.000000      -0.000000      -0.000000       0.000000      -0.000000       0.000000    0.000000000    0.000000000    0.000000000    0.000000000
         1      12.180957       0.076473       1.586314      -2.750989       0.705579       0.688494       0.000074      -0.000025      -0.000024       0.000004      -0.000004       0.000001       0.000000      -0.000000      -0.000000      -0.000000       0.000000      -0.000000    0.000000000    0.000000000    0.000000000    0.000000000
         1      17.415101       1.867054      -1.475770      -0.231664      -0.422359       2.219848       0.000070      -0.000025      -0.000013       0.000002       0.000006       0.000002       0.000000      -0.000000       0.000000      -0.000000       0.000000       0.000000    0.000000000    0.000000000    0.000000000    0.000000000
         1      15.770768       0.435663      -4.512195       0.750342      -0.139165      -0.392070       0.000069      -0.000031      -0.000018      -0.000000      -0.000012       0.000002       0.000000      -0.000000      -0.000000       0.000000      -0.000000       0.000000    0.000000000    0.000000000    0.000000000    0.000000000
         1      13.651268       1.530296      -0.005307       1.280244       3.254232      -1.074532       0.000074      -0.000024      -0.000023      -0.000009       0.000004       0.000002       0.000000      -0.000000      -0.000000      -0.000000       0.000000       0.000000    0.000000000    0.000000000    0.000000000    0.000000000
         1      16.990004      -2.633297      -3.963430       1.092634      -1.058444       0.615751       0.000064      -0.000018      -0.000028       0.000004      -0.000004       0.000004       0.000000      -0.000000      -0.000000      -0.000000       0.000000      -0.000000    0.000000000    0.000000000    0.000000000    0.000000000
         1      20.229533       0.296062      -0.500213      -3.284585      -3.764983      -0.890514       0.000104      -0.000036      -0.000032       0.000011      -0.000000       0.000007       0.000000      -0.000000      -0.000000       0.000000      -0.000000       0.000000    0.000000000    0.000000000    0.000000000    0.000000000
         1      25.226020      -1.172325      -0.018410       2.892260      -4.371359       2.181694       0.000108      -0.000034      -0.000031      -0.000012      -0.000006       0.000004       0.000000      -0.000000      -0.000000      -0.000000       0.000000      -0.000000    0.000000000    0.000000000    0.000000000    0.000000000
         1      19.454174       1.808126       0.290128       2.151494       2.636131      -1.083839       0.000110      -0.000036      -0.000035      -0.000010      -0.000025      -0.000000       0.000000      -0.000000      -0.000000      -0.000000       0.000000       0.000000    0.000000000    0.000000000    0.000000000    0.000000000
         1      26.592012      -5.848050       0.088404       0.596785       0.286193       2.564496       0.000104      -0.000034      -0.000032      -0.000000      -0.000017       0.000002       0.000000      -0.000000      -0.000000      -0.000000      -0.000000      -0.000000    0.000000000    0.000000000    0.000000000    0.000000000
         1      21.399265      -2.093519       1.205947       0.547962       3.207681      -2.517347       0.000102      -0.000034      -0.000031      -0.000034      -0.000002       0.000010       0.000000      -0.000000      -0.000000      -0.000000       0.000000       0.000000    0.000000000    0.000000000    0.000000000    0.000000000
         1      16.011126       1.826032       0.714655      -1.463146      -2.493101      -0.148455       0.000113      -0.000038      -0.000042       0.000001       0.000004       0.000007       0.000000      -0.000000      -0.000000      -0.000000      -0.000000       0.000000    0.000000000    0.000000000    0.000000000    0.000000000
         1      17.983429       3.215248       3.471459       1.707300      -1.159732       0.541716       0.000122      -0.000038      -0.000040      -0.000005      -0.000002       0.000004       0.000000      -0.000000      -0.000000       0.000000       0.000000       0.000000    0.000000000    0.000000000    0.000000000    0.000000000
         1      26.878982      -3.435367       0.380110       1.899939       3.095173      -1.896870       0.000105      -0.000030      -0.000032       0.000003       0.000001       0.000003       0.000000      -0.000000      -0.000000       0.000000      -0.000000       0.000000    0.000000000    0.000000000    0.000000000    0.000000000
         1      18.700718       0.117406       2.435380      -4.223409       1.083272       1.056990       0.000113      -0.000038      -0.000037       0.000006      -0.000006       0.000002       0.000000      -0.000000      -0.000000      -0.000000       0.000000      -0.000000    0.000000000    0.000000000    0.000000000    0.000000000
         1      26.736401       2.866394      -2.265668      -0.355636      -0.648403       3.407989       0.000107      -0.000038      -0.000020       0.000003       0.000009       0.000003       0.000000      -0.000000       0.000000      -0.000000       0.000000       0.000000    0.000000000    0.000000000    0.000000000    0.000000000
         1      24.211954       0.668848      -6.927309       1.151979      -0.213640      -0.601937       0.000106      -0.000047      -0.000027      -0.000000      -0.000018       0.000003       0.000000      -0.000000      -0.000000       0.000000      -0.000000       0.000000    0.000000000    0.000000000    0.000000000    0.000000000
         1      20.958023       2.349370      -0.008154       1.965503       4.996064      -1.649684       0.000113      -0.000037      -0.000035      -0.000014       0.000005       0.000003       0.000000      -0.000000      -0.000000      -0.000000       0.000000       0.000000    0.000000000    0.000000000    0.000000000    0.000000000
         1      26.083778      -4.042750      -6.084819       1.677480      -1.624943       0.945302       0.000099      -0.000028      -0.000042       0.000007      -0.000006       0.000006       0.000000      -0.000000      -0.000000      -0.000000       0.000000      -0.000000    0.000000000    0.000000000    0.000000000    0.000000000
         1      20.229533       0.296062      -0.500213      -3.284585      -3.764983      -0.890514       0.000104      -0.000036      -0.000032       0.000011      -0.000000       0.000007       0.000000      -0.000000      -0.000000       0.000000      -0.000000       0.000000    0.000000000    0.000000000    0.000000000    0.000000000
         1      25.226020      -1.172325      -0.018410       2.892260      -4.371359       2.181694       0.000108      -0.000034      -0.000031      -0.000012      -0.000006       0.000004       0.000000      -0.000000      -0.000000      -0.000000       0.000000      -0.000000    0.000000000    0.000000000    0.000000000    0.000000000
         1      19.454174       1.808126       0.290128       2.151494       2.636131      -1.083839       0.000110      -0.000036      -0.000035      -0.000010      -0.000025      -0.000000       0.000000      -0.000000      -0.000000      -0.000000       0.000000       0.000000    0.000000000    0.000000000    0.000000000    0.000000000
         1      26.592012      -5.848050       0.088404       0.596785       0.286193       2.564496       0.000104      -0.000034      -0.000032      -0.000000      -0.000017       0.000002       0.000000      -0.000000      -0.000000      -0.000000      -0.000000      -0.000000    0.000000000    0.000000000    0.000000000    0.000000000
         1      21.399265      -2.093519       1.205947       0.547962       3.207681      -2.517347       0.000102      -0.000034      -0.000031      -0.000034      -0.000002       0.000010       0.000000      -0.000000      -0.000000      -0.000000       0.000000       0.000000    0.000000000    0.000000000    0.000000000    0.000000000
         1      16.011126       1.826032       0.714655      -1.463146      -2.493101      -0.148455       0.000113      -0.000038      -0.000042       0.000001       0.000004       0.000007       0.000000      -0.000000      -0.000000      -0.000000      -0.000000       0.000000    0.000000000    0.000000000    0.000000000    0.000000000
         1      17.983429       3.215248       3.471459       1.707300      -1.159732       0.541716       0.000122      -0.000038      -0.000040      -0.000005      -0.000002       0.000004       0.000000      -0.000000      -0.000000       0.000000       0.000000       0.000000    0.000000000    0.000000000    0.000000000    0.000000000
         1      26.878982      -3.435367       0.380110       1.899939       3.095173      -1.896870       0.000105      -0.000030      -0.000032       0.000003       0.000001       0.000003       0.000000      -0.000000      -0.000000       0.000000      -0.000000       0.000000    0.000000000    0.000000000    0.000000000    0.000000000
         1      18.700718       0.117406       2.435380      -4.223409       1.083272       1.056990       0.000113      -0.000038      -0.000037       0.000006      -0.000006       0.000002       0.000000      -0.000000      -0.000000      -0.000000       0.000000      -0.000000    0.000000000    0.000000000    0.000000000    0.000000000
         1      26.736401       2.866394      -2.265668      -0.355636      -0.648403       3.407989       0.000107      -0.000038      -0.000020       0.000003       0.000009       0.000003       0.000000      -0.000000       0.000000      -0.000000       0.000000       0.000000    0.000000000    0.000000000    0.000000000    0.000000000
         1      24.211954       0.668848      -6.927309       1.151979      -0.213640      -0.601937       0.000106      -0.000047      -0.000027      -0.000000      -0.000018       0.000003       0.000000      -0.000000      -0.000000       0.000000      -0.000000       0.000000    0.000000000    0.000000000    0.000000000    0.000000000
         1      20.958023       2.349370      -0.008154       1.965503       4.996064      -1.649684       0.000113      -0.000037      -0.000035      -0.000014       0.000005       0.000003       0.000000      -0.000000      -0.000000      -0.000000       0.000000       0.000000    0.000000000    0.000000000    0.000000000    0.000000000
         1      26.083778      -4.042750      -6.084819       1.677480      -1.624943       0.945302       0.000099      -0.000028      -0.000042       0.000007      -0.000006       0.000006       0.000000      -0.000000      -0.000000      -0.000000       0.000000      -0.000000    0.000000000    0.000000000    0.000000000    0.000000000
         1      30.808664       0.450887      -0.761790      -5.002257      -5.733875      -1.356232       0.000159      -0.000055      -0.000049       0.000017      -0.000000       0.000011       0.000000      -0.000000      -0.000000       0.000000      -0.000000       0.000000    0.000000000    0.000000000    0.000000000    0.000000000
         1      38.418104      -1.785404      -0.028023       4.404803      -6.657355       3.322608       0.000165      -0.000051      -0.000048      -0.000018      -0.000009       0.000006       0.000000      -0.000000      -0.000000      -0.000000       0.000000      -0.000000    0.000000000    0.000000000    0.000000000    0.000000000
         1      29.627855       2.753692       0.441845       3.276650       4.014735      -1.650652       0.000168      -0.000055      -0.000054      -0.000015      -0.000037      -0.000001       0.000000      -0.000000      -0.000000      -0.000000       0.000000       0.000000    0.000000000    0.000000000    0.000000000    0.000000000
         1      40.498458      -8.906312       0.134633       0.908890       0.435895       3.905594       0.000158      -0.000052      -0.000049      -0.000000      -0.000026       0.000003       0.000000      -0.000000      -0.000000      -0.000000      -0.000000      -0.000000    0.000000000    0.000000000    0.000000000    0.000000000
         1      32.590146      -3.188340       1.836597       0.834534       4.885182      -3.833821       0.000155      -0.000051      -0.000048      -0.000051      -0.000003       0.000015       0.000000      -0.000000      -0.000000      -0.000000       0.000000       0.000000    0.000000000    0.000000000    0.000000000    0.000000000
         1      24.384225       2.780971       1.088390      -2.228286      -3.796849      -0.226094       0.000172      -0.000058      -0.000063       0.000002       0.000006       0.000010       0.000000      -0.000000      -0.000000      -0.000000      -0.000000       0.000000    0.000000000    0.000000000    0.000000000    0.000000000
         1      27.387966       4.896683       5.286878       2.600167      -1.766183       0.824993       0.000186      -0.000058      -0.000061      -0.000007      -0.000003       0.000007       0.000000      -0.000000      -0.000000       0.000000       0.000000       0.000000    0.000000000    0.000000000    0.000000000    0.000000000
         1      40.935505      -5.231915       0.578884       2.893531       4.713835      -2.888857       0.000160      -0.000046      -0.000049       0.000005       0.000001       0.000005       0.000000      -0.000000      -0.000000       0.000000      -0.000000       0.000000    0.000000000    0.000000000    0.000000000    0.000000000
         1      28.480361       0.178804       3.708977      -6.432040       1.649812       1.609735       0.000172      -0.000058      -0.000056       0.000009      -0.000009       0.000003       0.000000      -0.000000      -0.000000      -0.000000       0.000000      -0.000000    0.000000000    0.000000000    0.000000000    0.000000000
         1      40.718352       4.365405      -3.450513      -0.541593      -0.987469       5.190200       0.000163      -0.000057      -0.000031       0.000005       0.000014       0.000005       0.000000      -0.000000       0.000000      -0.000000       0.000000       0.000000    0.000000000    0.000000000    0.000000000    0.000000000
         1      36.873733       1.018627     -10.549980       1.754435      -0.325352      -0.916738       0.000162      -0.000072      -0.000041      -0.000000      -0.000028       0.000004       0.000000      -0.000000      -0.000000       0.000000      -0.000000       0.000000    0.000000000    0.000000000    0.000000000    0.000000000
         1      31.918154       3.577982      -0.012425       2.993392       7.608813      -2.512412       0.000173      -0.000056      -0.000053      -0.000021       0.000008       0.000005       0.000000      -0.000000      -0.000000      -0.000000       0.000000       0.000000    0.000000000    0.000000000    0.000000000    0.000000000
         1      39.724438      -6.156928      -9.266901       2.554749      -2.474693       1.439629       0.000150      -0.000042      -0.000065       0.000010      -0.000010       0.000009       0.000000      -0.000000      -0.000000      -0.000000       0.000000      -0.000000    0.000000000    0.000000000    0.000000000    0.000000000
         1      30.808664       0.450887      -0.761790      -5.002257      -5.733875      -1.356232       0.000159      -0.000055      -0.000049       0.000017      -0.000000       0.000011       0.000000      -0.000000      -0.000000       0.000000      -0.000000       0.000000    0.000000000    0.000000000    0.000000000    0.000000000
         1      38.418104      -1.785404      -0.028023       4.404804      -6.657355       3.322608       0.000165      -0.000051      -0.000048      -0.000018      -0.000009       0.000006       0.000000      -0.000000      -0.000000      -0.000000       0.000000      -0.000000    0.000000000    0.000000000    0.000000000    0.000000000
         1      29.627855       2.753692       0.441845       3.276650       4.014735      -1.650652       0.000168      -0.000055      -0.000054      -0.000015      -0.000037      -0.000001       0.000000      -0.000000      -0.000000      -0.000000       0.000000       0.000000    0.000000000    0.000000000    0.000000000    0.000000000
         1      40.498458      -8.906312       0.134633       0.908890       0.435895       3.905594       0.000158      -0.000052      -0.000049      -0.000000      -0.000026       0.000003       0.000000      -0.000000      -0.000000      -0.000000      -0.000000      -0.000000    0.000000000    0.000000000    0.000000000    0.000000000
         1      32.590146      -3.188340       1.836597       0.834534       4.885182      -3.833821       0.000155      -0.000051      -0.000048      -0.000051      -0.000003       0.000015       0.000000      -0.000000      -0.000000      -0.000000       0.000000       0.000000    0.000000000    0.000000000    0.000000000    0.000000000
         1      24.384225       2.780971       1.088390      -2.228286      -3.796849      -0.226094       0.000172      -0.000058      -0.000063       0.000002       0.000006       0.000010       0.000000      -0.000000      -0.000000      -0.000000      -0.000000       0.000000    0.000000000    0.000000000    0.000000000    0.000000000
         1      27.387966       4.896683       5.286878       2.600167      -1.766183       0.824993       0.000186      -0.000058      -0.000061      -0.000007      -0.000003       0.000007       0.000000      -0.000000      -0.000000       0.000000       0.000000       0.000000    0.000000000    0.000000000    0.000000000    0.000000000
         1      40.935505      -5.231915       0.578884       2.893531       4.713835      -2.888857       0.000160      -0.000046      -0.000049       0.000005       0.000001       0.000005       0.000000      -0.000000      -0.000000       0.000000      -0.000000       0.000000    0.000000000    0.000000000    0.000000000    0.000000000
         1      28.480361       0.178804       3.708977      -6.432040       1.649812       1.609735       0.000172      -0.000058      -0.000056       0.000009      -0.000009       0.000003       0.000000      -0.000000      -0.000000      -0.000000       0.000000      -0.000000    0.000000000    0.000000000    0.000000000    0.000000000
         1      40.718352       4.365405      -3.450513      -0.541593      -0.987469       5.190200       0.000163      -0.000057      -0.000031       0.000005       0.000014       0.000005       0.000000      -0.000000       0.000000      -0.000000       0.000000       0.000000    0.000000000    0.000000000    0.000000000    0.000000000
         1      36.873733       1.018627     -10.549980       1.754435      -0.325352      -0.916738       0.000162      -0.000072      -0.000041      -0.000000      -0.000028       0.000004       0.000000      -0.000000      -0.000000       0.000000      -0.000000       0.000000    0.000000000    0.000000000    0.000000000    0.000000000
         1      31.918154       3.577982      -0.012425       2.993392       7.608813      -2.512412       0.000173      -0.000056      -0.000053      -0.000021       0.000008       0.000005       0.000000      -0.000000      -0.000000      -0.000000       0.000000       0.000000    0.000000000    0.000000000    0.000000000    0.000000000
         1      39.724438      -6.156928      -9.266901       2.554749      -2.474692       1.439629       0.000150      -0.000042      -0.000065       0.000010      -0.000010       0.000009       0.000000      -0.000000      -0.000000      -0.000000       0.000000      -0.000000    0.000000000    0.000000000    0.000000000    0.000000000
         1      46.677361       0.683125      -1.154157      -7.578765      -8.687214      -2.054809       0.000240      -0.000083      -0.000074       0.000026      -0.000000       0.000017       0.000000      -0.000000      -0.000000       0.000000      -0.000000       0.000000    0.000000000    0.000000000    0.000000000    0.000000000
         1      58.206230      -2.705024      -0.042443       6.673618     -10.086348       5.033979       0.000250      -0.000077      -0.000073      -0.000027      -0.000014       0.000009       0.000000      -0.000000      -0.000000      -0.000000       0.000000      -0.000000    0.000000000    0.000000000    0.000000000    0.000000000
         1      44.888377       4.172042       0.669421       4.964385       6.082642      -2.500871       0.000254      -0.000084      -0.000082      -0.000022      -0.000057      -0.000001       0.000000      -0.000000      -0.000000      -0.000000       0.000000       0.000000    0.000000000    0.000000000    0.000000000    0.000000000
         1      61.358128     -13.493705       0.203978       1.377049       0.660448       5.917241       0.000240      -0.000078      -0.000075      -0.000000      -0.000040       0.000005       0.000000      -0.000000      -0.000000      -0.000000      -0.000000      -0.000000    0.000000000    0.000000000    0.000000000    0.000000000
         1      49.376467      -4.830571       2.782573       1.264391       7.401433      -5.808533       0.000235      -0.000078      -0.000072      -0.000078      -0.000005       0.000023       0.000000      -0.000000      -0.000000      -0.000000       0.000000       0.000000    0.000000000    0.000000000    0.000000000    0.000000000
         1      36.943874       4.213381       1.648992      -3.375995      -5.752471      -0.342554       0.000261      -0.000088      -0.000096       0.000003       0.000009       0.000015       0.000000      -0.000000      -0.000000      -0.000000      -0.000000       0.000000    0.000000000    0.000000000    0.000000000    0.000000000
         1      41.494771       7.418835       8.010008       3.939469      -2.675859       1.249907       0.000282      -0.000088      -0.000092      -0.000010      -0.000005       0.000010       0.000000      -0.000000      -0.000000       0.000000       0.000000       0.000000    0.000000000    0.000000000    0.000000000    0.000000000
         1      62.020290      -7.926737       0.877044       4.383921       7.141828      -4.376838       0.000243      -0.000070      -0.000074       0.000008       0.000002       0.000007       0.000000      -0.000000      -0.000000       0.000000      -0.000000       0.000000    0.000000000    0.000000000    0.000000000    0.000000000
         1      43.149824       0.270902       5.619374      -9.744986       2.499622       2.438853       0.000261      -0.000088      -0.000085       0.000014      -0.000014       0.000005       0.000000      -0.000000      -0.000000      -0.000000       0.000000      -0.000000    0.000000000    0.000000000    0.000000000    0.000000000
         1      61.691278       6.613921      -5.227782      -0.820529      -1.496069       7.863516       0.000247      -0.000087      -0.000047       0.000008       0.000022       0.000008       0.000000      -0.000000       0.000000      -0.000000       0.000000       0.000000    0.000000000    0.000000000    0.000000000    0.000000000
         1      55.866401       1.543295     -15.983987       2.658119      -0.492921      -1.388940       0.000245      -0.000108      -0.000062      -0.000001      -0.000042       0.000006       0.000000      -0.000000      -0.000000       0.000000      -0.000000       0.000000    0.000000000    0.000000000    0.000000000    0.000000000
         1      48.358352       5.420900      -0.018831       4.535225      11.527936      -3.806504       0.000262      -0.000084      -0.000081      -0.000032       0.000013       0.000007       0.000000      -0.000000      -0.000000      -0.000000       0.000000       0.000000    0.000000000    0.000000000    0.000000000    0.000000000
         1      60.185429      -9.328196     -14.040025       3.870653      -3.749317       2.181120       0.000228      -0.000064      -0.000098       0.000015      -0.000015       0.000014       0.000000      -0.000000      -0.000000      -0.000000       0.000000      -0.000000    0.000000000    0.000000000    0.000000000    0.000000000
         1      46.677361       0.683125      -1.154157      -7.578765      -8.687213      -2.054809       0.000240      -0.000083      -0.000074       0.000026      -0.000000       0.000017       0.000000      -0.000000      -0.000000       0.000000      -0.000000       0.000000    0.000000000    0.000000000    0.000000000    0.000000000
         1      58.206230      -2.705024      -0.042443       6.673618     -10.086348       5.033979       0.000250      -0.000077      -0.000073      -0.000027      -0.000014       0.000009       0.000000      -0.000000      -0.000000      -0.000000       0.000000      -0.000000    0.000000000    0.000000000    0.000000000    0.000000000
         1      44.888377       4.172042       0.669421       4.964385       6.082642      -2.500871       0.000254      -0.000084      -0.000082      -0.000022      -0.000057      -0.000001       0.000000      -0.000000      -0.000000      -0.000000       0.000000       0.000000    0.000000000    0.000000000    0.000000000    0.000000000
         1      61.358128     -13.493705       0.203978       1.377049       0.660449       5.917241       0.000240      -0.000078      -0.000075      -0.000000      -0.000040       0.000005       0.000000      -0.000000      -0.000000      -0.000000      -0.000000      -0.000000    0.000000000    0.000000000    0.000000000    0.000000000
         1      49.376467      -4.830571       2.782573       1.264391       7.401433      -5.808533       0.000235      -0.000078      -0.000072      -0.000078      -0.000005       0.000023       0.000000      -0.000000      -0.000000      -0.000000       0.000000       0.000000    0.000000000    0.000000000    0.000000000    0.000000000
         1      36.943874       4.213381       1.648992      -3.375995      -5.752471      -0.342554       0.000261      -0.000088      -0.000096       0.000003       0.000009       0.000015       0.000000      -0.000000      -0.000000      -0.000000      -0.000000       0.000000    0.000000000    0.000000000    0.000000000    0.000000000
         1      41.494771       7.418835       8.010008       3.939469      -2.675858       1.249907       0.000282      -0.000088      -0.000092      -0.000010      -0.000005       0.000010       0.000000      -0.000000      -0.000000       0.000000       0.000000       0.000000    0.000000000    0.000000000    0.000000000    0.000000000
         1      62.020290      -7.926737       0.877044       4.383921       7.141828      -4.376838       0.000243      -0.000070      -0.000074       0.000008       0.000002       0.000007       0.000000      -0.000000      -0.000000       0.000000      -0.000000       0.000000    0.000000000    0.000000000    0.000000000    0.000000000
         1      43.149824       0.270902       5.619374      -9.744985       2.499622       2.438853       0.000261      -0.000088      -0.000085       0.000014      -0.000014       0.000005       0.000000      -0.000000      -0.000000      -0.000000       0.000000      -0.000000    0.000000000    0.000000000    0.000000000    0.000000000
         1      61.691278       6.613921      -5.227782      -0.820529      -1.496069       7.863516       0.000247      -0.000087      -0.000047       0.000008       0.000022       0.000008       0.000000      -0.000000       0.000000      -0.000000       0.000000       0.000000    0.000000000    0.000000000    0.000000000    0.000000000
         1      55.866401       1.543295     -15.983987       2.658119      -0.492921      -1.388940       0.000245      -0.000108      -0.000062      -0.000001      -0.000042       0.000006       0.000000      -0.000000      -0.000000       0.000000      -0.000000       0.000000    0.000000000    0.000000000    0.000000000    0.000000000
         1      48.358352       5.420900      -0.018831       4.535225      11.527936      -3.806504       0.000262      -0.000084      -0.000081      -0.000032       0.000013       0.000007       0.000000      -0.000000      -0.000000      -0.000000       0.000000       0.000000    0.000000000    0.000000000    0.000000000    0.000000000
         1      60.185429      -9.328196     -14.040025       3.870653      -3.749317       2.181119       0.000228      -0.000064      -0.000098       0.000015      -0.000015       0.000014       0.000000      -0.000000      -0.000000      -0.000000       0.000000      -0.000000    0.000000000    0.000000000    0.000000000    0.000000000
         1      70.480405       1.031482      -1.742707     -11.443526     -13.117221      -3.102675       0.000363      -0.000126      -0.000112       0.000040      -0.000001       0.000025       0.000000      -0.000000      -0.000000       0.000000      -0.000000       0.000000    0.000000000    0.000000000    0.000000000    0.000000000
         1      87.888419      -4.084453      -0.064072      10.076840     -15.229839       7.601035       0.000377      -0.000117      -0.000110      -0.000041      -0.000021       0.000013       0.000000      -0.000000      -0.000000      -0.000000       0.000000      -0.000000    0.000000000    0.000000000    0.000000000    0.000000000
         1      67.779160       6.299567       1.010784       7.495986       9.184502      -3.776201       0.000384      -0.000126      -0.000123      -0.000034      -0.000085      -0.000001       0.000000      -0.000000      -0.000000      -0.000000       0.000000       0.000000    0.000000000    0.000000000    0.000000000    0.000000000
         1      92.647631     -20.374795       0.307994       2.079286       0.997278       8.934711       0.000362      -0.000118      -0.000113      -0.000000      -0.000060       0.000008       0.000000      -0.000000      -0.000000      -0.000000      -0.000000      -0.000000    0.000000000    0.000000000    0.000000000    0.000000000
         1      74.555949      -7.293917       4.201536       1.909178      11.175810      -8.770601       0.000355      -0.000118      -0.000109      -0.000118      -0.000007       0.000035       0.000000      -0.000000      -0.000000      -0.000000       0.000000       0.000000    0.000000000    0.000000000    0.000000000    0.000000000
         1      55.783347       6.361995       2.489895      -5.097559      -8.685904      -0.517243       0.000393      -0.000132      -0.000145       0.000004       0.000013       0.000023       0.000000      -0.000000      -0.000000      -0.000000      -0.000000       0.000000    0.000000000    0.000000000    0.000000000    0.000000000
         1      62.654980      11.202064      12.094703       5.948421      -4.040372       1.887279       0.000426      -0.000133      -0.000138      -0.000016      -0.000007       0.000015       0.000000      -0.000000      -0.000000       0.000000       0.000000       0.000000    0.000000000    0.000000000    0.000000000    0.000000000
         1      93.647468     -11.968970       1.324285       6.619504      10.783818      -6.608809       0.000366      -0.000106      -0.000111       0.000012       0.000003       0.000011       0.000000      -0.000000      -0.000000       0.000000      -0.000000       0.000000    0.000000000    0.000000000    0.000000000    0.000000000
         1      65.154020       0.409048       8.484970     -14.714404       3.774337       3.682529       0.000394      -0.000133      -0.000128       0.000021      -0.000020       0.000008       0.000000      -0.000000      -0.000000      -0.000000       0.000000      -0.000000    0.000000000    0.000000000    0.000000000    0.000000000
         1      93.150667       9.986695      -7.893685      -1.238934      -2.258967      11.873491       0.000373      -0.000131      -0.000071       0.000012       0.000033       0.000012       0.000000      -0.000000       0.000000      -0.000000       0.000000       0.000000    0.000000000    0.000000000    0.000000000    0.000000000
         1      84.355403       2.330296     -24.134997       4.013646      -0.744273      -2.097243       0.000370      -0.000164      -0.000094      -0.000001      -0.000063       0.000010       0.000000      -0.000000      -0.000000       0.000000      -0.000000       0.000000    0.000000000    0.000000000    0.000000000    0.000000000
         1      73.018648       8.185276      -0.028440       6.847974      17.406620      -5.747643       0.000395      -0.000127      -0.000122      -0.000048       0.000019       0.000011       0.000000      -0.000000      -0.000000      -0.000000       0.000000       0.000000    0.000000000    0.000000000    0.000000000    0.000000000
         1      90.876915     -14.085097     -21.199710       5.844509      -5.661253       3.293355       0.000344      -0.000096      -0.000148       0.000023      -0.000022       0.000021       0.000000      -0.000000      -0.000000      -0.000000       0.000000      -0.000000    0.000000000    0.000000000    0.000000000    0.000000000
         1      70.480405       1.031482      -1.742707     -11.443526     -13.117221      -3.102675       0.000363      -0.000126      -0.000112       0.000040      -0.000001       0.000025       0.000000      -0.000000      -0.000000       0.000000      -0.000000       0.000000    0.000000000    0.000000000    0.000000000    0.000000000
         1      87.888419      -4.084453      -0.064072      10.076840     -15.229839       7.601035       0.000377      -0.000117      -0.000110      -0.000041      -0.000021       0.000013       0.000000      -0.000000      -0.000000      -0.000000       0.000000      -0.000000    0.000000000    0.000000000    0.000000000    0.000000000
         1      67.779160       6.299567       1.010784       7.495986       9.184503      -3.776201       0.000384      -0.000126      -0.000123      -0.000034      -0.000085      -0.000001       0.000000      -0.000000      -0.000000      -0.000000       0.000000       0.000000    0.000000000    0.000000000    0.000000000    0.000000000
         1      92.647631     -20.374795       0.307994       2.079286       0.997279       8.934711       0.000362      -0.000118      -0.000113      -0.000000      -0.000060       0.000008       0.000000      -0.000000      -0.000000      -0.000000      -0.000000      -0.000000    0.000000000    0.000000000    0.000000000    0.000000000
         1      74.555949      -7.293917       4.201536       1.909178      11.175810      -8.770601       0.000355      -0.000118      -0.000109      -0.000118      -0.000007       0.000035       0.000000      -0.000000      -0.000000      -0.000000       0.000000       0.000000    0.000000000    0.000000000    0.000000000    0.000000000
         1      55.783347       6.361995       2.489895      -5.097559      -8.685904      -0.517243       0.000393      -0.000132      -0.000145       0.000004       0.000013       0.000023       0.000000      -0.000000      -0.000000      -0.000000      -0.000000       0.000000    0.000000000    0.000000000    0.000000000    0.000000000
         1      62.654980      11.202064      12.094703       5.948421      -4.040372       1.887279       0.000426      -0.000133      -0.000138      -0.000016      -0.000007       0.000015       0.000000      -0.000000      -0.000000       0.000000       0.000000       0.000000    0.000000000    0.000000000    0.000000000    0.000000000
         1      93.647468     -11.968970       1.324285       6.619504      10.783818      -6.608809       0.000366      -0.000106      -0.000111       0.000012       0.000003       0.000011       0.000000      -0.000000      -0.000000       0.000000      -0.000000       0.000000    0.000000000    0.000000000    0.000000000    0.000000000
         1      65.154020       0.409048       8.484970     -14.714404       3.774337       3.682529       0.000394      -0.000133      -0.000128       0.000021      -0.000020       0.000008       0.000000      -0.000000      -0.000000      -0.000000       0.000000      -0.000000    0.000000000    0.000000000    0.000000000    0.000000000
         1      93.150667       9.986695      -7.893685      -1.238934      -2.258967      11.873491       0.000373      -0.000131      -0.000071       0.000012       0.000033       0.000012       0.000000      -0.000000       0.000000      -0.000000       0.000000       0.000000    0.000000000    0.000000000    0.000000000    0.000000000
         1      84.355403       2.330296     -24.134997       4.013646      -0.744273      -2.097243       0.000370      -0.000164      -0.000094      -0.000001      -0.000063       0.000010       0.000000      -0.000000      -0.000000       0.000000      -0.000000       0.000000    0.000000000    0.000000000    0.000000000    0.000000000
         1      73.018648       8.185276      -0.028440       6.847974      17.406620      -5.747643       0.000395      -0.000127      -0.000122      -0.000048       0.000019       0.000011       0.000000      -0.000000      -0.000000      -0.000000       0.000000       0.000000    0.000000000    0.000000000    0.000000000    0.000000000
         1      90.876915     -14.085097     -21.199710       5.844509      -5.661253       3.293355       0.000344      -0.000096      -0.000148       0.000023      -0.000022       0.000021       0.000000      -0.000000      -0.000000      -0.000000       0.000000      -0.000000    0.000000000    0.000000000    0.000000000    0.000000000
         1     106.184973       1.554017      -2.625531     -17.240669     -19.762232      -4.674473       0.000547      -0.000189      -0.000168       0.000060      -0.000001       0.000038       0.000000      -0.000000      -0.000000       0.000000      -0.000000       0.000000    0.000000000    0.000000000    0.000000000    0.000000000
         1     132.411702      -6.153596      -0.096515      15.181674     -22.945075      11.451619       0.000568      -0.000176      -0.000165      -0.000061      -0.000031       0.000020       0.000000      -0.000000      -0.000000      -0.000000       0.000000      -0.000000    0.000000000    0.000000000    0.000000000    0.000000000
         1     102.115335       9.490854       1.522830      11.293389      13.837293      -5.689195       0.000579      -0.000190      -0.000185      -0.000051      -0.000129      -0.000002       0.000000      -0.000000      -0.000000      -0.000000       0.000000       0.000000    0.000000000    0.000000000    0.000000000    0.000000000
         1     139.581887     -30.696429       0.464019       3.132643       1.502523      13.460917       0.000545      -0.000178      -0.000170      -0.000000      -0.000091       0.000012       0.000000      -0.000000      -0.000000      -0.000000      -0.000000      -0.000000    0.000000000    0.000000000    0.000000000    0.000000000
         1     112.325171     -10.988937       6.329982       2.876358      16.837376     -13.213703       0.000535      -0.000177      -0.000164      -0.000177      -0.000010       0.000053       0.000000      -0.000000      -0.000000      -0.000000       0.000000       0.000000    0.000000000    0.000000000    0.000000000    0.000000000
         1      84.042557       9.584916       3.751250      -7.679905     -13.086054      -0.779277       0.000593      -0.000200      -0.000218       0.000007       0.000020       0.000035       0.000000      -0.000000      -0.000000      -0.000000      -0.000000       0.000000    0.000000000    0.000000000    0.000000000    0.000000000
         1      94.395292      16.876907      18.221745       8.961849      -6.087143       2.843337       0.000641      -0.000200      -0.000209      -0.000024      -0.000010       0.000023       0.000000      -0.000000      -0.000000       0.000000       0.000000       0.000000    0.000000000    0.000000000    0.000000000    0.000000000
         1     141.088235     -18.032319       1.995145       9.972880      16.246802      -9.956765       0.000552      -0.000159      -0.000168       0.000018       0.000004       0.000016       0.000000      -0.000000      -0.000000       0.000000      -0.000000       0.000000    0.000000000    0.000000000    0.000000000    0.000000000
         1      98.160313       0.616268      12.783363     -22.168532       5.686410       5.548044       0.000594      -0.000200      -0.000194       0.000032      -0.000031       0.000011       0.000000      -0.000000      -0.000000      -0.000000       0.000000      -0.000000    0.000000000    0.000000000    0.000000000    0.000000000
         1     140.339751      15.045855     -11.892540      -1.866540      -3.403316      17.888452       0.000562      -0.000198      -0.000106       0.000018       0.000049       0.000017       0.000000      -0.000000       0.000000      -0.000000       0.000000       0.000000    0.000000000    0.000000000    0.000000000    0.000000000
         1     127.088907       3.510799     -36.361513       6.046935      -1.121303      -3.159697       0.000558      -0.000247      -0.000142      -0.000002      -0.000095       0.000015       0.000000      -0.000000      -0.000000       0.000000      -0.000000       0.000000    0.000000000    0.000000000    0.000000000    0.000000000
         1     110.009092      12.331841      -0.042854      10.317098      26.224647      -8.659351       0.000596      -0.000192      -0.000184      -0.000073       0.000029       0.000016       0.000000      -0.000000      -0.000000      -0.000000       0.000000       0.000000    0.000000000    0.000000000    0.000000000    0.000000000
         1     136.914144     -21.220449     -31.939238       8.805292      -8.529157       4.961708       0.000518      -0.000145      -0.000223       0.000034      -0.000033       0.000031       0.000000      -0.000000      -0.000000      -0.000000       0.000000      -0.000000    0.000000000    0.000000000    0.000000000    0.000000000
         1     106.184973       1.554017      -2.625531     -17.240669     -19.762232      -4.674473       0.000547      -0.000189      -0.000168       0.000060      -0.000001       0.000038       0.000000      -0.000000      -0.000000       0.000000      -0.000000       0.000000    0.000000000    0.000000000    0.000000000    0.000000000
         1     132.411702      -6.153596      -0.096515      15.181674     -22.945075      11.451619       0.000568      -0.000176      -0.000165      -0.000061      -0.000031       0.000020       0.000000      -0.000000      -0.000000      -0.000000       0.000000      -0.000000    0.000000000    0.000000000    0.000000000    0.000000000
         1     102.115335       9.490854       1.522830      11.293389      13.837293      -5.689195       0.000579      -0.000190      -0.000185      -0.000051      -0.000129      -0.000002       0.000000      -0.000000      -0.000000      -0.000000       0.000000       0.000000    0.000000000    0.000000000    0.000000000    0.000000000
         1     139.581887     -30.696429       0.464019       3.132643       1.502523      13.460917       0.000545      -0.000178      -0.000170      -0.000000      -0.000091       0.000012       0.000000      -0.000000      -0.000000      -0.000000      -0.000000      -0.000000    0.000000000    0.000000000    0.000000000    0.000000000
         1     112.325171     -10.988937       6.329982       2.876358      16.837376     -13.213703       0.000535      -0.000177      -0.000164      -0.000177      -0.000010       0.000053       0.000000      -0.000000      -0.000000      -0.000000       0.000000       0.000000    0.000000000    0.000000000    0.000000000    0.000000000
         1      84.042557       9.584916       3.751250      -7.679905     -13.086054      -0.779277       0.000593      -0.000200      -0.000218       0.000007       0.000020       0.000035       0.000000      -0.000000      -0.000000      -0.000000      -0.000000       0.000000    0.000000000    0.000000000    0.000000000    0.000000000
         1      94.395292      16.876907      18.221745       8.961849      -6.087143       2.843337       0.000641      -0.000200      -0.000209      -0.000024      -0.000010       0.000023       0.000000      -0.000000      -0.000000       0.000000       0.000000       0.000000    0.000000000    0.000000000    0.000000000    0.000000000
         1     141.088235     -18.032319       1.995145       9.972880      16.246802      -9.956765       0.000552      -0.000159      -0.000168       0.000018       0.000004       0.000016       0.000000      -0.000000      -0.000000       0.000000      -0.000000       0.000000    0.000000000    0.000000000    0.000000000    0.000000000
         1      98.160313       0.616268      12.783363     -22.168532       5.686410       5.548044       0.000594      -0.000200      -0.000194       0.000032      -0.000031       0.000011       0.000000      -0.000000      -0.000000      -0.000000       0.000000      -0.000000    0.000000000    0.000000000    0.000000000    0.000000000
         1     140.339751      15.045855     -11.892540      -1.866540      -3.403316      17.888452       0.000562      -0.000198      -0.000106       0.000018       0.000049       0.000017       0.000000      -0.000000       0.000000      -0.000000       0.000000       0.000000    0.000000000    0.000000000    0.000000000    0.000000000
         1     127.088907       3.510799     -36.361513       6.046935      -1.121303      -3.159697       0.000558      -0.000247      -0.000142      -0.000002      -0.000095       0.000015       0.000000      -0.000000      -0.000000       0.000000      -0.000000       0.000000    0.000000000    0.000000000    0.000000000    0.000000000
         1     110.009092      12.331841      -0.042854      10.317098      26.224647      -8.659351       0.000596      -0.000192      -0.000184      -0.000073       0.000029       0.000016       0.000000      -0.000000      -0.000000      -0.000000       0.000000       0.000000    0.000000000    0.000000000    0.000000000    0.000000000
         1     136.914144     -21.220449     -31.939238       8.805292      -8.529157       4.961708       0.000518      -0.000145      -0.000223       0.000034      -0.000033       0.000031       0.000000      -0.000000      -0.000000      -0.000000       0.000000      -0.000000    0.000000000    0.000000000    0.000000000    0.000000000
         1     159.741823       2.337820      -3.949767     -25.936382     -29.729748      -7.032171       0.000822      -0.000285      -0.000253       0.000090      -0.000002       0.000057       0.000000      -0.000000      -0.000000       0.000000      -0.000000       0.000000    0.000000000    0.000000000    0.000000000    0.000000000
         1     199.196622      -9.257311      -0.145180      22.838923     -34.517928      17.227497       0.000854      -0.000265      -0.000248      -0.000092      -0.000047       0.000030       0.000000      -0.000000      -0.000000      -0.000000       0.000000      -0.000000    0.000000000    0.000000000    0.000000000    0.000000000
         1     153.619596      14.277785       2.290898      16.989492      20.816479      -8.558686       0.000871      -0.000286      -0.000279      -0.000077      -0.000194      -0.000003       0.000000      -0.000000      -0.000000      -0.000000       0.000000       0.000000    0.000000000    0.000000000    0.000000000    0.000000000
         1     209.983255     -46.178872       0.698065       4.712678       2.260393      20.250227       0.000820      -0.000268      -0.000256      -0.000000      -0.000136       0.000018       0.000000      -0.000000      -0.000000      -0.000000      -0.000000      -0.000000    0.000000000    0.000000000    0.000000000    0.000000000
         1     168.979004     -16.531464       9.522650       4.327127      25.329724     -19.878357       0.000805      -0.000267      -0.000247      -0.000267      -0.000016       0.000080       0.000000      -0.000000      -0.000000      -0.000000       0.000000       0.000000    0.000000000    0.000000000    0.000000000    0.000000000
         1     126.431372      14.419298       5.643283     -11.553425     -19.686278      -1.172328       0.000892      -0.000300      -0.000328       0.000010       0.000030       0.000052       0.000000      -0.000000      -0.000000      -0.000000      -0.000000       0.000000    0.000000000    0.000000000    0.000000000    0.000000000
         1     142.005761      25.389172      27.412309      13.481990      -9.157298       4.277423       0.000965      -0.000301      -0.000314      -0.000036      -0.000016       0.000035       0.000000      -0.000000      -0.000000       0.000000       0.000000       0.000000    0.000000000    0.000000000    0.000000000    0.000000000
         1     212.249375     -27.127335       3.001441      15.002942      24.441279     -14.978703       0.000830      -0.000240      -0.000253       0.000027       0.000007       0.000024       0.000000      -0.000000      -0.000000       0.000000      -0.000000       0.000000    0.000000000    0.000000000    0.000000000    0.000000000
         1     147.669753       0.927099      19.230955     -33.349724       8.554519       8.346314       0.000893      -0.000301      -0.000291       0.000047      -0.000046       0.000017       0.000000      -0.000000      -0.000000      -0.000000       0.000000      -0.000000    0.000000000    0.000000000    0.000000000    0.000000000
         1     211.123366      22.634601     -17.890823      -2.807947      -5.119838      26.910893       0.000845      -0.000297      -0.000160       0.000027       0.000074       0.000026       0.000000      -0.000000       0.000000      -0.000000       0.000000       0.000000    0.000000000    0.000000000    0.000000000    0.000000000
         1     191.189150       5.281560     -54.701282       9.096866      -1.686845      -4.753382       0.000839      -0.000371      -0.000213      -0.000003      -0.000143       0.000022       0.000000      -0.000000      -0.000000       0.000000      -0.000000       0.000000    0.000000000    0.000000000    0.000000000    0.000000000
         1     165.494756      18.551688      -0.064474      15.520784      39.451685     -13.026913       0.000896      -0.000289      -0.000277      -0.000109       0.000043       0.000025       0.000000      -0.000000      -0.000000      -0.000000       0.000000       0.000000    0.000000000    0.000000000    0.000000000    0.000000000
         1     205.969984     -31.923478     -48.048528      13.246467     -12.831012       7.464237       0.000779      -0.000218      -0.000336       0.000051      -0.000050       0.000047       0.000000      -0.000000      -0.000000      -0.000000       0.000000      -0.000000    0.000000000    0.000000000    0.000000000    0.000000000
         1     159.741822       2.337818      -3.949769     -25.936382     -29.729748      -7.032171       0.000822      -0.000285      -0.000253       0.000090      -0.000002       0.000057       0.000000      -0.000000      -0.000000       0.000000      -0.000000       0.000000    0.000000000    0.000000000    0.000000000    0.000000000
         1     199.196621      -9.257313      -0.145182      22.838923     -34.517928      17.227498       0.000854      -0.000265      -0.000248      -0.000092      -0.000047       0.000030       0.000000      -0.000000      -0.000000      -0.000000       0.000000      -0.000000    0.000000000    0.000000000    0.000000000    0.000000000
         1     153.619595      14.277782       2.290897      16.989493      20.816479      -8.558686       0.000871      -0.000286      -0.000279      -0.000077      -0.000194      -0.000003       0.000000      -0.000000      -0.000000      -0.000000       0.000000       0.000000    0.000000000    0.000000000    0.000000000    0.000000000
         1     209.983254     -46.178874       0.698063       4.712678       2.260392      20.250228       0.000820      -0.000268      -0.000256      -0.000000      -0.000136       0.000018       0.000000      -0.000000      -0.000000      -0.000000      -0.000000      -0.000000    0.000000000    0.000000000    0.000000000    0.000000000
         1     168.979002     -16.531467       9.522648       4.327127      25.329724     -19.878357       0.000805      -0.000267      -0.000247      -0.000267      -0.000016       0.000080       0.000000      -0.000000      -0.000000      -0.000000       0.000000       0.000000    0.000000000    0.000000000    0.000000000    0.000000000
         1     126.431370      14.419296       5.643282     -11.553424     -19.686278      -1.172328       0.000892      -0.000300      -0.000328       0.000010       0.000030       0.000052       0.000000      -0.000000      -0.000000      -0.000000      -0.000000       0.000000    0.000000000    0.000000000    0.000000000    0.000000000
         1     142.005760      25.389170      27.412307      13.481991      -9.157299       4.277424       0.000965      -0.000301      -0.000314      -0.000036      -0.000016       0.000035       0.000000      -0.000000      -0.000000       0.000000       0.000000       0.000000    0.000000000    0.000000000    0.000000000    0.000000000
         1     212.249374     -27.127338       3.001440      15.002942      24.441279     -14.978702       0.000830      -0.000240      -0.000253       0.000027       0.000007       0.000024       0.000000      -0.000000      -0.000000       0.000000      -0.000000       0.000000    0.000000000    0.000000000    0.000000000    0.000000000
         1     147.669752       0.927097      19.230953     -33.349724       8.554519       8.346315       0.000893      -0.000301      -0.000291       0.000047      -0.000046       0.000017       0.000000      -0.000000      -0.000000      -0.000000       0.000000      -0.000000    0.000000000    0.000000000    0.000000000    0.000000000
         1     211.123365      22.634599     -17.890824      -2.807947      -5.119838      26.910893       0.000845      -0.000297      -0.000160       0.000027       0.000074       0.000026       0.000000      -0.000000       0.000000      -0.000000       0.000000       0.000000    0.000000000    0.000000000    0.000000000    0.000000000
         1     191.189149       5.281557     -54.701284       9.096866      -1.686845      -4.753381       0.000839      -0.000371      -0.000213      -0.000003      -0.000143       0.000022       0.000000      -0.000000      -0.000000       0.000000      -0.000000       0.000000    0.000000000    0.000000000    0.000000000    0.000000000
         1     165.494754      18.551686      -0.064476      15.520784      39.451685     -13.026912       0.000896      -0.000289      -0.000277      -0.000109       0.000043       0.000025       0.000000      -0.000000      -0.000000      -0.000000       0.000000       0.000000    0.000000000    0.000000000    0.000000000    0.000000000
         1     205.969983     -31.923480     -48.048530      13.246467     -12.831012       7.464238       0.000779      -0.000218      -0.000336       0.000051      -0.000050       0.000047       0.000000      -0.000000      -0.000000      -0.000000       0.000000      -0.000000    0.000000000    0.000000000    0.000000000    0.000000000
         1     240.075579       3.517347      -5.933061     -38.980078     -44.678925     -10.570540       0.001236      -0.000428      -0.000380       0.000135      -0.000002       0.000085       0.000000      -0.000000      -0.000000       0.000000      -0.000000       0.000000    0.000000000    0.000000000    0.000000033    0.000000000
         1     299.345457     -13.911086      -0.213647      34.320428     -51.871503      25.898745       0.001283      -0.000398      -0.000373      -0.000139      -0.000071       0.000045       0.000000      -0.000000      -0.000000      -0.000000       0.000000      -0.000000    0.000000046    0.000000000    0.000000020    0.000000000
         1     230.865539      21.454888       3.441092      25.531287      31.284944     -12.862172       0.001309      -0.000430      -0.000419      -0.000115      -0.000291      -0.000005       0.000000      -0.000000      -0.000000      -0.000000       0.000000       0.000000    0.000000000    0.000000000    0.000000000    0.000000004
         1     315.472650     -69.342524       1.113229       7.088732       3.409827      30.446979       0.001231      -0.000403      -0.000384       0.000000      -0.000204       0.000028       0.000001      -0.000000      -0.000001      -0.000000      -0.000000      -0.000000    0.000000000    0.000000000    0.000000000    0.000001313
         1     253.947016     -24.828807      14.307684       6.504121      38.063983     -29.878751       0.001210      -0.000401      -0.000372      -0.000401      -0.000023       0.000120       0.000000      -0.000000      -0.000000      -0.000000       0.000000       0.000000    0.000000000    0.000000000    0.000000005    0.000000185
         1     190.017886      21.673112       8.486227     -17.365788     -29.586822      -1.763354       0.001340      -0.000451      -0.000494       0.000015       0.000045       0.000078       0.000000      -0.000000      -0.000000      -0.000000      -0.000000       0.000000    0.000000000    0.000000000    0.000000000    0.000000001
         1     213.422781      38.163110      41.205363      20.261741     -13.763621       6.424337       0.001450      -0.000453      -0.000471      -0.000054      -0.000024       0.000053       0.000000      -0.000000      -0.000000       0.000000       0.000000       0.000000    0.000000000    0.000000000    0.000000000    0.000000000
         1     318.923917     -40.717774       4.546126      22.533747      36.733822     -22.537148       0.001247      -0.000360      -0.000379       0.000040       0.000010       0.000035       0.000000      -0.000000      -0.000000       0.000000      -0.000000       0.000000    0.000000001    0.000000000    0.000000000    0.000000776
         1     221.941607       1.402319      28.924909     -50.118244      12.856233      12.534049       0.001343      -0.000452      -0.000437       0.000071      -0.000069       0.000026       0.000000      -0.000000      -0.000000      -0.000000       0.000000      -0.000000    0.000000008    0.000000000    0.000000000    0.000000012
         1     317.221587      34.050506     -26.891351      -4.206098      -7.697632      40.428223       0.001270      -0.000446      -0.000241       0.000041       0.000112       0.000039       0.000000      -0.000000       0.000000      -0.000000       0.000000       0.000000    0.000000000    0.000000739    0.000000000    0.000000006
         1     287.256103       7.986454     -82.180471      13.645266      -2.520974      -7.174310       0.001260      -0.000557      -0.000320      -0.000004      -0.000215       0.000033       0.000001      -0.000001      -0.000000       0.000000      -0.000000       0.000000    0.000000034    0.000001121    0.000000000    0.000000000
         1     248.697969      27.877500      -0.093363      23.324174      59.285206     -19.580687       0.001347      -0.000434      -0.000417      -0.000164       0.000065       0.000037       0.000000      -0.000000      -0.000000      -0.000000       0.000000       0.000000    0.000000000    0.000000000    0.000000107    0.000000033
         1     309.533571     -47.980145     -72.200433      19.910505     -19.279449      11.215100       0.001171      -0.000327      -0.000504       0.000077      -0.000075       0.000070       0.000000      -0.000000      -0.000000      -0.000000       0.000000      -0.000000    0.000000047    0.000000000    0.000000006    0.000000031
         1     240.065384       3.503214      -5.946463     -38.980282     -44.679516     -10.565394       0.001236      -0.000428      -0.000380       0.000135      -0.000002       0.000085       0.000000      -0.000000      -0.000000       0.000000      -0.000000       0.000000    0.000000000    0.000000000    0.000000033    0.000000000
         1     299.338008     -13.927922      -0.226898      34.322320     -51.871956      25.905289       0.001283      -0.000398      -0.000373      -0.000139      -0.000071       0.000045       0.000000      -0.000000      -0.000000      -0.000000       0.000000      -0.000000    0.000000046    0.000000000    0.000000020    0.000000000
         1     230.855504      21.439352       3.429207      25.533658      31.284698     -12.856923       0.001309      -0.000430      -0.000419      -0.000115      -0.000291      -0.000005       0.000000      -0.000000      -0.000000      -0.000000       0.000000       0.000000    0.000000000    0.000000000    0.000000000    0.000000004
         1     315.466118     -69.360437       1.099619       7.089553       3.407714      30.452679       0.001231      -0.000403      -0.000384       0.000000      -0.000204       0.000028       0.000001      -0.000000      -0.000001      -0.000000      -0.000000      -0.000000    0.000000000    0.000000000    0.000000000    0.000001313
         1     253.937372     -24.845715      14.298158       6.505257      38.063515     -29.875481       0.001210      -0.000401      -0.000372      -0.000401      -0.000023       0.000120       0.000000      -0.000000      -0.000000      -0.000000       0.000000       0.000000    0.000000000    0.000000000    0.000000005    0.000000185
         1     190.007267      21.656253       8.475392     -17.364070     -29.587977      -1.760463       0.001340      -0.000451      -0.000494       0.000015       0.000045       0.000078       0.000000      -0.000000      -0.000000      -0.000000      -0.000000       0.000000    0.000000000    0.000000000    0.000000000    0.000000001
         1     213.413210      38.147290      41.194190      20.264061     -13.765131       6.430337       0.001450      -0.000453      -0.000471      -0.000054      -0.000024       0.000053       0.000000      -0.000000      -0.000000       0.000000       0.000000       0.000000    0.000000000    0.000000000    0.000000000    0.000000000
         1     318.915458     -40.735408       4.535209      22.535999      36.734347     -22.532445       0.001247      -0.000360      -0.000379       0.000040       0.000010       0.000036       0.000000      -0.000000      -0.000000       0.000000      -0.000000       0.000000    0.000000001    0.000000000    0.000000000    0.000000776
         1     221.931930       1.388031      28.912069     -50.118538      12.856376      12.538062       0.001343      -0.000452      -0.000437       0.000071      -0.000069       0.000026       0.000000      -0.000000      -0.000000      -0.000000       0.000000      -0.000000    0.000000008    0.000000000    0.000000000    0.000000012
         1     317.213652      34.033855     -26.902712      -4.204433      -7.698536      40.434594       0.001270      -0.000446      -0.000241       0.000041       0.000112       0.000039       0.000000      -0.000000       0.000000      -0.000000       0.000000       0.000000    0.000000000    0.000000740    0.000000000    0.000000006
         1     287.247106       7.970841     -82.194569      13.648084      -2.521156      -7.169037       0.001260      -0.000557      -0.000320      -0.000004      -0.000215       0.000033       0.000001      -0.000001      -0.000000       0.000000      -0.000000       0.000000    0.000000034    0.000001122    0.000000000    0.000000000
         1     248.687968      27.864096      -0.106730      23.326501      59.284037     -19.577184       0.001347      -0.000434      -0.000417      -0.000164       0.000065       0.000037       0.000000      -0.000000      -0.000000      -0.000000       0.000000       0.000000    0.000000000    0.000000000    0.000000107    0.000000033
         1     309.526278     -47.996772     -72.213419      19.910144     -19.280116      11.219697       0.001171      -0.000327      -0.000504       0.000077      -0.000075       0.000071       0.000000      -0.000000      -0.000000      -0.000000       0.000000      -0.000000    0.000000047    0.000000000    0.000000006    0.000000031
         1     355.746201      10.914502      -2.300417     -58.978451     -62.583394     -20.585052       0.001805      -0.000594      -0.000557       0.000165       0.000028       0.000065       0.000057      -0.000035      -0.000022       0.000030      -0.000024       0.000054    0.000000900    0.000000000    0.000087243    0.000000623
         1     430.305765     -15.621693       5.115341      48.022866     -74.050296      42.049880       0.001827      -0.000565      -0.000508      -0.000203      -0.000117       0.000114       0.000076      -0.000036      -0.000040      -0.000003       0.000009      -0.000030    0.000088391    0.000000023    0.000054176    0.000000000
         1     341.625040      33.108577       6.581665      37.706061      45.911728     -19.936407       0.001931      -0.000631      -0.000615      -0.000169      -0.000430      -0.000016       0.000014      -0.000011      -0.000003      -0.000006       0.000003       0.000008    0.000001059    0.000002975    0.000000000    0.000018625
         1     436.903794     -84.355569      22.409120      12.960160       9.401973      48.853343       0.001643      -0.000573      -0.000396       0.000066      -0.000160       0.000179       0.000240      -0.000019      -0.000220      -0.000061      -0.000136      -0.000130    0.000000002    0.000000253    0.000000086    0.000467104
         1     363.290180     -24.451891      19.403964      11.559245      52.021972     -48.441499       0.001703      -0.000534      -0.000526      -0.000544      -0.000045       0.000081       0.000133      -0.000089      -0.000044      -0.000061       0.000008       0.000120    0.000000000    0.000000000    0.000014819    0.000231800
         1     284.917321      33.710311      14.404352     -26.399779     -44.078316      -3.015467       0.002001      -0.000671      -0.000732       0.000018       0.000068       0.000109       0.000004      -0.000002      -0.000003      -0.000002      -0.000001       0.000003    0.000002679    0.000000007    0.000000000    0.000004729
         1     318.363778      58.085760      63.358142      29.868338     -21.355328       8.367238       0.002154      -0.000675      -0.000689      -0.000082      -0.000044       0.000065       0.000001      -0.000000      -0.000001       0.000000      -0.000000       0.000000    0.000000000    0.000000148    0.000001052    0.000000390
         1     449.403832     -41.901977      24.227494      27.403152      54.752355     -41.051631       0.001698      -0.000500      -0.000422       0.000007       0.000117      -0.000094       0.000205      -0.000035      -0.000169       0.000061      -0.000115       0.000150    0.000002302    0.000000001    0.000000003    0.000376889
         1     332.403846       8.565429      54.475608     -71.173667      18.628046      16.058199       0.001975      -0.000664      -0.000601       0.000129      -0.000105       0.000031       0.000043      -0.000010      -0.000033      -0.000011       0.000003      -0.000018    0.000041735    0.000000000    0.000000000    0.000039163
         1     442.838283      65.434651     -41.456268      -0.832475     -12.494293      54.149924       0.001728      -0.000502      -0.000388       0.000096       0.000080       0.000084       0.000172      -0.000182       0.000010      -0.000061       0.000086      -0.000007    0.000000000    0.000388525    0.000000000    0.000006430
         1     399.515422      29.645353    -111.440259      11.352041      -0.463468     -17.844170       0.001695      -0.000636      -0.000488      -0.000047      -0.000228      -0.000039       0.000227      -0.000219      -0.000008       0.000053      -0.000084       0.000092    0.000034314    0.000462068    0.000000000    0.000000000
         1     354.614942      44.277687       7.934301      33.651960      81.020067     -31.586547       0.001895      -0.000589      -0.000576      -0.000222       0.000063      -0.000005       0.000111      -0.000070      -0.000041      -0.000018       0.000025       0.000076    0.000000000    0.000000000    0.000148535    0.000067042
         1     446.531305     -66.707919     -93.539793      31.950967     -26.794686      14.375260       0.001675      -0.000482      -0.000679       0.000174      -0.000128       0.000097       0.000096      -0.000019      -0.000077      -0.000058       0.000019      -0.000003    0.000082902    0.000000000    0.000015664    0.000065614
         1     349.258728       3.483723      -9.251871     -59.498441     -62.002278     -18.716702       0.001799      -0.000614      -0.000568       0.000166       0.000034       0.000085       0.000065      -0.000040      -0.000025       0.000034      -0.000027       0.000062    0.000001041    0.000000000    0.000097050    0.000000575
         1     424.691472     -24.128427      -2.269003      48.483093     -73.620801      44.865333       0.001821      -0.000585      -0.000520      -0.000201      -0.000114       0.000138       0.000079      -0.000039      -0.000040      -0.000001       0.000004      -0.000025    0.000091101    0.000000032    0.000058969    0.000000000
         1     335.496962      24.835671      -0.570593      38.487200      46.155962     -17.768342       0.001927      -0.000653      -0.000627      -0.000166      -0.000431       0.000003       0.000017      -0.000014      -0.000003      -0.000007       0.000004       0.000011    0.000001320    0.000002761    0.000000000    0.000022945
         1     431.589636     -93.701559      15.454938      13.533169       8.928994      51.160795       0.001634      -0.000598      -0.000401       0.000078      -0.000157       0.000205       0.000248      -0.000018      -0.000231      -0.000068      -0.000139      -0.000129    0.000000002    0.000000380    0.000000112    0.000478405
         1     356.298531     -32.560273      13.027588      11.982058      51.845937     -47.374617       0.001693      -0.000550      -0.000538      -0.000537      -0.000044       0.000098       0.000144      -0.000097      -0.000047      -0.000066       0.000010       0.000130    0.000000000    0.000000000    0.000014557    0.000248743
         1     278.620405      24.780429       7.595784     -25.920333     -44.139465      -1.678635       0.002000      -0.000694      -0.000747       0.000022       0.000069       0.000139       0.000005      -0.000002      -0.000003      -0.000003      -0.000001       0.000004    0.000003354    0.000000008    0.000000000    0.000005135
         1     312.560475      49.469824      56.668729      30.636227     -21.700379      11.138032       0.002153      -0.000698      -0.000703      -0.000078      -0.000046       0.000088       0.000001      -0.000000      -0.000001       0.000000       0.000000       0.000001    0.000000001    0.000000141    0.000001501    0.000000376
         1     443.083490     -49.936998      17.836130      27.933747      55.631349     -39.790227       0.001687      -0.000518      -0.000432       0.000014       0.000126      -0.000085       0.000216      -0.000041      -0.000175       0.000058      -0.000124       0.000164    0.000002245    0.000000001    0.000000004    0.000388951
         1     326.762843       0.688488      47.485923     -71.362284      19.235261      17.687803       0.001972      -0.000689      -0.000610       0.000135      -0.000103       0.000054       0.000046      -0.000010      -0.000036      -0.000012       0.000003      -0.000018    0.000041956    0.000000000    0.000000000    0.000043460
         1     436.452067      57.400754     -48.599242       0.120917     -12.996787      56.582084       0.001716      -0.000515      -0.000401       0.000105       0.000069       0.000107       0.000182      -0.000193       0.000012      -0.000065       0.000094      -0.000005    0.000000000    0.000406556    0.000000000    0.000006800
         1     392.633936      22.243943    -118.950337      11.712858       0.021755     -16.262908       0.001684      -0.000652      -0.000501      -0.000044      -0.000219      -0.000026       0.000241      -0.000232      -0.000009       0.000057      -0.000094       0.000105    0.000031907    0.000485734    0.000000000    0.000000000
         1     347.665281      36.703965       0.719764      34.255192      80.456470     -30.405373       0.001887      -0.000608      -0.000587      -0.000219       0.000059       0.000012       0.000119      -0.000073      -0.000046      -0.000017       0.000026       0.000084    0.000000000    0.000000000    0.000161289    0.000065986
         1     441.193212     -75.162149    -100.112264      31.710116     -26.886609      15.779038       0.001668      -0.000502      -0.000689       0.000177      -0.000131       0.000112       0.000103      -0.000022      -0.000081      -0.000054       0.000024       0.000006    0.000084478    0.000000000    0.000017332    0.000072984
         1     461.309156      31.649499      30.722967     -87.341502     -62.746881     -58.311900       0.002214      -0.000615      -0.000658      -0.000000       0.000180      -0.000275       0.000610      -0.000348      -0.000262       0.000241      -0.000166       0.000469    0.000150853    0.000000000    0.001052313    0.000093782
         1     515.239323      19.441086      44.154649      51.088464     -76.345217      60.048728       0.002100      -0.000570      -0.000490      -0.000258      -0.000076       0.000237       0.000776      -0.000421      -0.000355       0.000038      -0.000094      -0.000061    0.001161165    0.000001284    0.000868564    0.000000000
         1     435.035337      64.238376      20.887222      56.754437      52.884941     -38.498367       0.002363      -0.000651      -0.000778      -0.000080      -0.000558      -0.000136       0.000520      -0.000372      -0.000148      -0.000183       0.000017       0.000189    0.000133592    0.000336889    0.000000000    0.000606100
         1     521.212281     -85.812510      74.261768      19.725657      18.494077      73.204120       0.001826      -0.000756      -0.000155       0.000199       0.000065       0.000533       0.001040      -0.000171      -0.000869      -0.000136      -0.000441      -0.000360    0.000000008    0.000129111    0.000036767    0.002843656
         1     437.208391      -5.937687      30.661400      27.128058      58.330328     -82.643244       0.001913      -0.000556      -0.000527      -0.000477      -0.000029      -0.000334       0.000882      -0.000493      -0.000389      -0.000334      -0.000054       0.000713    0.000000125    0.000000000    0.000479965    0.001787514
         1     370.078895      46.819379      28.998291     -15.305199     -48.907964      -7.542565       0.002593      -0.000872      -0.000920       0.000200       0.000169       0.000011       0.000392      -0.000179      -0.000213      -0.000190      -0.000112       0.000285    0.000330949    0.000008246    0.000000038    0.000430489
         1     420.875983      77.587276      88.124134      30.926615     -26.064154       9.312752       0.002843      -0.000913      -0.000877      -0.000185      -0.000042       0.000059       0.000268      -0.000125      -0.000143       0.000088      -0.000039       0.000088    0.000000331    0.000078752    0.000382694    0.000120340
         1     542.785669     -11.888295      84.423608      28.323488      69.274959     -56.537526       0.001910      -0.000577      -0.000228      -0.000049       0.000323      -0.000304       0.001009      -0.000287      -0.000722       0.000129      -0.000371       0.000453    0.000258223    0.000000004    0.000000513    0.002504030
         1     422.380241      31.612634     111.307496     -70.500600      18.558078      29.239678       0.002391      -0.000888      -0.000488       0.000359      -0.000182       0.000286       0.000640      -0.000146      -0.000495      -0.000167       0.000040      -0.000262    0.000750768    0.000000074    0.000000048    0.000741550
         1     531.599511     122.995801     -68.205135      11.534968     -19.311223      74.645044       0.001933      -0.000228      -0.000652       0.000180      -0.000076       0.000372       0.000865      -0.000874       0.000010      -0.000229       0.000249      -0.000189    0.000000091    0.002769813    0.000000111    0.000111532
         1     475.859068      84.015112    -139.460857      -0.412304       6.870981     -25.082992       0.001866      -0.000354      -0.000757      -0.000110      -0.000122      -0.000130       0.001028      -0.001004      -0.000024       0.000176      -0.000283       0.000275    0.000373786    0.002931294    0.000000004    0.000000104
         1     427.246070      79.680170      39.285310      49.252196      74.651613     -48.075618       0.002181      -0.000542      -0.000658      -0.000165      -0.000143      -0.000230       0.000816      -0.000545      -0.000271      -0.000165       0.000186       0.000489    0.000000000    0.000000053    0.001289077    0.000789674
         1     526.396243     -55.241050     -63.716054      46.051123     -26.452892       7.638196       0.001907      -0.000554      -0.000621       0.000355      -0.000187       0.000056       0.000887      -0.000318      -0.000569      -0.000164       0.000114       0.000124    0.000818748    0.000000000    0.000308073    0.000739892
         1     427.562364      -3.924558      -1.408323     -91.003744     -60.532787     -53.687626       0.002154      -0.000693      -0.000703      -0.000027       0.000190      -0.000229       0.000673      -0.000380      -0.000294       0.000252      -0.000167       0.000543    0.000164581    0.000000000    0.001069721    0.000063483
         1     483.410035     -15.657786       9.738921      49.215992     -72.105014      66.936292       0.002060      -0.000643      -0.000560      -0.000297      -0.000022       0.000287       0.000809      -0.000455      -0.000354       0.000070      -0.000153       0.000019    0.001151172    0.000003211    0.000887601    0.000000000
         1     400.777332      29.890278     -13.160978      55.733954      52.740556     -34.630086       0.002307      -0.000716      -0.000841      -0.000092      -0.000564      -0.000102       0.000578      -0.000419      -0.000159      -0.000193       0.000037       0.000265    0.000138164    0.000269805    0.000000000    0.000673427
         1     489.853387    -125.439390      42.832422      17.895074      14.103094      77.660563       0.001773      -0.000843      -0.000198       0.000178       0.000040       0.000583       0.001097      -0.000196      -0.000901      -0.000135      -0.000411      -0.000287    0.000000011    0.000173452    0.000050820    0.002846994
         1     401.530181     -41.598107      -2.764409      27.174550      57.520023     -79.591295       0.001854      -0.000621      -0.000591      -0.000471      -0.000034      -0.000286       0.000942      -0.000541      -0.000402      -0.000366      -0.000043       0.000773    0.000000071    0.000000000    0.000438723    0.001845397
         1     335.913182      10.496293      -4.843348     -13.349485     -46.615576      -3.367693       0.002545      -0.000947      -0.000985       0.000212       0.000189       0.000100       0.000445      -0.000215      -0.000230      -0.000218      -0.000131       0.000328    0.000368489    0.000007325    0.000000029    0.000429491
         1     387.419349      41.717298      53.945997      28.617910     -25.988641      14.232600       0.002796      -0.000982      -0.000946      -0.000207      -0.000040       0.000103       0.000314      -0.000161      -0.000153       0.000094      -0.000046       0.000168    0.000000530    0.000060933    0.000495176    0.000087528
         1     510.938936     -46.403626      51.938971      28.477691      73.949927     -52.283306       0.001852      -0.000643      -0.000281      -0.000043       0.000371      -0.000274       0.001068      -0.000327      -0.000741       0.000097      -0.000421       0.000534    0.000237855    0.000000003    0.000000798    0.002480195
         1     391.581032      -7.412459      79.430030     -73.066017      21.362989      34.928378       0.002344      -0.000999      -0.000512       0.000358      -0.000165       0.000376       0.000686      -0.000142      -0.000544      -0.000183       0.000029      -0.000242    0.000702529    0.000000097    0.000000072    0.000815260
         1     499.975704      87.178739    -104.011953      11.699802     -22.914226      82.178305       0.001871      -0.000275      -0.000728       0.000185      -0.000143       0.000451       0.000915      -0.000938       0.000023      -0.000252       0.000296      -0.000158    0.000000112    0.002803462    0.000000381    0.000110658
         1     442.783810      49.712898    -176.098071      -2.790034       9.490549     -19.966610       0.001812      -0.000420      -0.000824      -0.000129      -0.000072      -0.000088       0.001089      -0.001058      -0.000031       0.000192      -0.000339       0.000354    0.000355038    0.002983127    0.000000006    0.000000062
         1     391.141816      43.380532       6.020841      47.657717      72.053214     -44.073752       0.002126      -0.000630      -0.000705      -0.000185      -0.000162      -0.000170       0.000870      -0.000569      -0.000301      -0.000163       0.000197       0.000547    0.000000000    0.000000041    0.001336744    0.000744210
         1     494.404096     -90.746929     -95.770663      44.250869     -26.525914      10.817461       0.001852      -0.000624      -0.000675       0.000341      -0.000189       0.000084       0.000943      -0.000371      -0.000572      -0.000161       0.000128       0.000219    0.000830331    0.000000000    0.000302952    0.000796148
         1     480.565790      12.032879      33.558519    -104.315471     -58.056975     -73.432813       0.002318      -0.000714      -0.000658      -0.000118       0.000242      -0.000394       0.001974      -0.001025      -0.000949       0.000335      -0.000246       0.000984    0.001307831    0.000000000    0.003829095    0.000700243
         1     533.181182      20.889599      46.790299      42.612837     -59.867524      83.203507       0.002223      -0.000610      -0.000533      -0.000443       0.000160       0.000388       0.002123      -0.001184      -0.000939       0.000287      -0.000436       0.000209    0.004483376    0.000072072    0.003477127    0.000000000
         1     450.148753      65.871276       1.083944      68.456917      64.652075     -48.218941       0.002432      -0.000590      -0.000913       0.000039      -0.000495      -0.000209       0.001915      -0.001258      -0.000657      -0.000499      -0.000171       0.000574    0.000859913    0.001857857    0.000000000    0.002744013
         1     532.501949    -121.513404      88.380218       9.064713      -1.194632      88.740269       0.001862      -0.000915      -0.000050       0.000088      -0.000040       0.000724       0.002500      -0.000811      -0.001689       0.000016      -0.000413      -0.000151    0.000000065    0.000959873    0.000427810    0.008154833
         1     454.103949     -41.862148      14.642070      48.914465      70.524452    -118.581219       0.001919      -0.000676      -0.000476      -0.000259       0.000111      -0.000858       0.002319      -0.001198      -0.001121      -0.000824      -0.000242       0.001742    0.000026979    0.000000093    0.002199521    0.005666675
         1     372.444713      15.498597       4.562460       5.387536     -25.110879      -8.462587       0.002851      -0.001066      -0.001080       0.000436       0.000463      -0.000066       0.001609      -0.000792      -0.000817      -0.000481      -0.000459       0.000862    0.001741855    0.000209508    0.000001886    0.002133235
         1     438.128154      63.672896      70.461479      -0.024315      -9.177069       7.821375       0.003136      -0.001062      -0.001046      -0.000508       0.000126       0.000044       0.001421      -0.000757      -0.000664       0.000347      -0.000277       0.000535    0.000041448    0.000513655    0.002722743    0.000619195
         1     567.322672     -13.662043     104.799124      36.660335      87.021067     -48.369734       0.001941      -0.000626      -0.000133       0.000084       0.000564      -0.000300       0.002477      -0.000998      -0.001479      -0.000121      -0.000679       0.000847    0.001316539    0.000000004    0.000018614    0.007263141
         1     450.444200     -13.463236     135.304746     -67.945450      22.697313      59.797611       0.002609      -0.001374      -0.000207       0.000648      -0.000234       0.000896       0.001885      -0.000400      -0.001485      -0.000465       0.000065      -0.000607    0.002761029    0.000013186    0.000014882    0.003349744
         1     565.916238     137.413103    -145.448073      27.761018     -24.404277     108.287551       0.001987       0.000057      -0.001042       0.000263      -0.000203       0.000848       0.002136      -0.002000      -0.000137      -0.000461       0.000306      -0.000321    0.000068621    0.008559229    0.000162145    0.000774053
         1     500.957460     101.402792    -242.329400     -15.710196      21.158530     -20.257532       0.001897       0.000012      -0.001262      -0.000170       0.000109      -0.000143       0.002439      -0.002306      -0.000133       0.000280      -0.000628       0.000727    0.001616630    0.008493742    0.000040876    0.000048239
         1     436.404300      64.925972      21.350559      72.059141      49.873132     -62.817764       0.002323      -0.000545      -0.000839      -0.000046      -0.000527      -0.000490       0.002148      -0.001424      -0.000724      -0.000422       0.000474       0.001287    0.000000000    0.000012854    0.004280717    0.002766252
         1     513.628424     -90.952393     -85.592488      49.003393     -23.923644       7.134927       0.001907      -0.000655      -0.000647       0.000400      -0.000186       0.000057       0.002399      -0.001118      -0.001281      -0.000140       0.000240       0.000563    0.002769969    0.000000000    0.001226662    0.002796054
         1     460.595387      -9.265763      12.896178    -105.437963     -59.105664     -73.647013       0.002280      -0.000755      -0.000691      -0.000130       0.000227      -0.000395       0.002014      -0.001061      -0.000953       0.000321      -0.000291       0.000995    0.001283244    0.000000000    0.003848130    0.000678769
         1     512.467399       0.051177      24.607261      42.148562     -61.560566      82.629775       0.002186      -0.000647      -0.000575      -0.000446       0.000144       0.000384       0.002158      -0.001221      -0.000937       0.000267      -0.000481       0.000226    0.004405995    0.000063932    0.003489028    0.000000000
         1     429.033840      44.030447     -17.668379      67.281383      61.444479     -47.698290       0.002405      -0.000644      -0.000943       0.000020      -0.000531      -0.000203       0.001945      -0.001271      -0.000674      -0.000499      -0.000199       0.000563    0.000851879    0.001875718    0.000000000    0.002688445
         1     511.447352    -147.791496      69.904310       6.720025      -7.414587      91.345131       0.001827      -0.000973      -0.000075       0.000066      -0.000093       0.000747       0.002540      -0.000827      -0.001713       0.000006      -0.000419      -0.000167    0.000000119    0.000961323    0.000441000    0.008175062
         1     433.848850     -64.764547      -3.903063      49.243017      66.765485    -119.070849       0.001887      -0.000729      -0.000502      -0.000279       0.000064      -0.000878       0.002353      -0.001210      -0.001142      -0.000833      -0.000254       0.001763    0.000026478    0.000000162    0.002201338    0.005637020
         1     351.177912      -5.656209     -16.586243       4.285206     -29.559046      -9.592055       0.002802      -0.001098      -0.001113       0.000425       0.000422      -0.000085       0.001661      -0.000832      -0.000828      -0.000495      -0.000479       0.000892    0.001760544    0.000208994    0.000001292    0.002111633
         1     417.215350      43.301873      48.419327      -0.854922     -11.424671       8.189680       0.003100      -0.001093      -0.001093      -0.000514       0.000107       0.000050       0.001455      -0.000797      -0.000658       0.000328      -0.000323       0.000533    0.000038416    0.000532143    0.002708674    0.000591543
         1     546.942823     -35.772418      85.340214      37.242036      82.277473     -51.076322       0.001909      -0.000671      -0.000166       0.000075       0.000515      -0.000317       0.002505      -0.001019      -0.001486      -0.000143      -0.000693       0.000865    0.001285715    0.000000004    0.000014558    0.007233136
         1     429.879489     -37.740511     115.863214     -70.671630      17.488126      59.480253       0.002575      -0.001432      -0.000230       0.000631      -0.000280       0.000905       0.001918      -0.000411      -0.001507      -0.000474       0.000052      -0.000619    0.002769739    0.000020311    0.000010715    0.003315417
         1     545.310336     115.903598    -165.627033      26.808401     -25.773205     108.798936       0.001950       0.000017      -0.001077       0.000259      -0.000228       0.000850       0.002172      -0.002027      -0.000144      -0.000475       0.000263      -0.000319    0.000065474    0.008570380    0.000179084    0.000747356
         1     479.467913      79.288556    -264.557630     -16.428109      20.634481     -20.520206       0.001861      -0.000030      -0.001302      -0.000177       0.000097      -0.000144       0.002478      -0.002343      -0.000135       0.000262      -0.000665       0.000738    0.001646101    0.008445666    0.000039431    0.000048884
         1     415.666765      42.352386       1.742951      71.756485      44.714655     -62.076423       0.002304      -0.000598      -0.000880      -0.000062      -0.000590      -0.000482       0.002164      -0.001438      -0.000726      -0.000429       0.000470       0.001282    0.000000000    0.000016725    0.004203945    0.002761843
         1     492.164697    -113.273227    -107.871258      48.588855     -24.437563       7.680500       0.001870      -0.000697      -0.000686       0.000395      -0.000193       0.000060       0.002436      -0.001155      -0.001281      -0.000174       0.000184       0.000560    0.002829584    0.000000000    0.001231693    0.002796780
         1     482.472639      -1.900341      28.657725    -110.177213     -57.816132     -78.149282       0.002350      -0.000773      -0.000662      -0.000153       0.000247      -0.000424       0.004146      -0.002194      -0.001952       0.000282      -0.000459       0.001462    0.004182885    0.000000000    0.008593829    0.002552319
         1     539.549375      18.531603      38.754624      33.088255     -54.018554      94.224397       0.002302      -0.000639      -0.000591      -0.000610       0.000282       0.000447       0.004225      -0.002380      -0.001845       0.000454      -0.000859       0.000614    0.010088762    0.000581331    0.008131392    0.000000000
         1     454.531705      63.333167     -12.995837      76.548008      75.437035     -53.757986       0.002442      -0.000558      -0.000977       0.000128      -0.000399      -0.000256       0.004095      -0.002528      -0.001568      -0.000869      -0.000616       0.000975    0.002578269    0.005744336    0.000000000    0.006035289
         1     534.557249    -165.624607     106.461122      -8.738497     -48.007318     110.419042       0.001889      -0.001083       0.000048      -0.000079      -0.000428       0.000917       0.004718      -0.001871      -0.002847       0.000137      -0.000280       0.000078    0.000012313    0.002533535    0.001517174    0.017278616
         1     470.191929     -84.141002      15.651864      83.337428      69.289270    -145.096578       0.001909      -0.000819      -0.000368       0.000115       0.000169      -0.001256       0.004506      -0.002255      -0.002251      -0.001695      -0.000526       0.002659    0.000383169    0.000038348    0.005883946    0.011644773
         1     366.182878     -11.377753     -12.077180       7.484499       0.927524     -11.574607       0.002986      -0.001201      -0.001169       0.000493       0.000742      -0.000163       0.003652      -0.001897      -0.001755      -0.000645      -0.000967       0.001422    0.004371911    0.000995867    0.000042873    0.005221679
         1     443.374760      56.463334      57.815158     -21.373679       1.687482       4.856256       0.003277      -0.001129      -0.001147      -0.000719       0.000231       0.000021       0.003462      -0.001902      -0.001560       0.000420      -0.000655       0.001014    0.000490629    0.001913659    0.007047356    0.001883705
         1     575.183304     -27.421935     111.709232      47.671638      89.477432     -47.681355       0.001952      -0.000680      -0.000087       0.000236       0.000639      -0.000330       0.004660      -0.002141      -0.002520      -0.000485      -0.000985       0.001317    0.003427425    0.000000004    0.000144128    0.014816834
         1     465.042005     -47.687477     151.889627     -74.529979      19.382980      77.190250       0.002715      -0.001689      -0.000004       0.000742      -0.000310       0.001268       0.003974      -0.001256      -0.002718      -0.000631      -0.000097      -0.000647    0.006457248    0.000425594    0.000274205    0.007847610
         1     579.670939     139.739165    -178.619679      39.032373     -21.901658     115.420744       0.002037       0.000121      -0.001186       0.000342      -0.000179       0.000950       0.004236      -0.003293      -0.000943      -0.000705       0.000033      -0.000009    0.000596708    0.017842923    0.001149957    0.003175982
         1     504.681903      96.954216    -291.816944     -24.155940      25.554987     -21.115979       0.001914       0.000111      -0.001469      -0.000220       0.000172      -0.000167       0.004611      -0.003698      -0.000914       0.000283      -0.000949       0.001228    0.005006093    0.016579155    0.000604899    0.000518667
         1     440.805089      52.407155       1.373592      89.014482      34.910450     -77.564047       0.002416      -0.000525      -0.001003       0.000048      -0.000789      -0.000744       0.004248      -0.002709      -0.001539      -0.000677       0.000479       0.002063    0.000000000    0.000427830    0.008471628    0.006553603
         1     505.549212    -112.371297    -104.147359      50.151069     -24.501720       7.343873       0.001911      -0.000710      -0.000682       0.000414      -0.000200       0.000058       0.004600      -0.002373      -0.002226      -0.000120       0.000151       0.001037    0.005997908    0.000000000    0.002865341    0.005948156
         1     473.693231      -8.101369      16.384428    -108.339128     -61.072101     -79.222890       0.002331      -0.000766      -0.000699      -0.000145       0.000223      -0.000441       0.004165      -0.002139      -0.002026       0.000288      -0.000501       0.001399    0.004178593    0.000000000    0.008578151    0.002541501
         1     530.832149      12.487983      27.106729      31.647113     -57.930047      92.192391       0.002284      -0.000638      -0.000622      -0.000614       0.000249       0.000430       0.004243      -0.002320      -0.001923       0.000474      -0.000885       0.000551    0.010078111    0.000479398    0.008100238    0.000000000
         1     446.494324      58.372553     -25.320747      74.288215      75.715946     -53.909985       0.002432      -0.000541      -0.001029       0.000115      -0.000412      -0.000254       0.004106      -0.002485      -0.001621      -0.000823      -0.000681       0.000887    0.002605873    0.005861445    0.000000000    0.005922930
         1     524.675270    -171.412158      93.889147      -6.770421     -43.900682     108.581221       0.001872      -0.001083       0.000015      -0.000059      -0.000398       0.000897       0.004735      -0.001811      -0.002924       0.000132      -0.000379       0.000015    0.000008301    0.002517093    0.001454365    0.017244689
         1     461.822968     -90.046945       4.025539      83.067059      69.924745    -145.867984       0.001895      -0.000823      -0.000398       0.000115       0.000176      -0.001258       0.004521      -0.002189      -0.002332      -0.001665      -0.000595       0.002578    0.000405395    0.000032333    0.006135335    0.011374083
         1     356.218056     -18.803748     -23.985464       5.470084      -4.740192     -14.440940       0.002952      -0.001201      -0.001188       0.000477       0.000690      -0.000218       0.003687      -0.001835      -0.001852      -0.000612      -0.000973       0.001398    0.004247917    0.000978260    0.000035660    0.005389660
         1     434.943361      50.577350      46.899693     -21.676797      -1.032091       4.494318       0.003261      -0.001118      -0.001187      -0.000719       0.000210       0.000027       0.003479      -0.001850      -0.001629       0.000435      -0.000699       0.000925    0.000447202    0.001993822    0.006942574    0.001914024
         1     565.877398     -34.524920     100.334510      46.132732      85.647391     -51.336549       0.001942      -0.000687      -0.000120       0.000209       0.000589      -0.000349       0.004669      -0.002073      -0.002596      -0.000439      -0.000995       0.001254    0.003416178    0.000000004    0.000098138    0.014821918
         1     455.348322     -54.627862     141.214346     -72.821911      17.445541      75.827850       0.002703      -0.001690      -0.000040       0.000755      -0.000326       0.001243       0.003988      -0.001194      -0.002794      -0.000631      -0.000140      -0.000714    0.006423050    0.000390687    0.000212696    0.007854201
         1     571.911952     132.466541    -189.539044      39.489131     -21.850334     114.219678       0.002024       0.000113      -0.001212       0.000346      -0.000182       0.000941       0.004246      -0.003222      -0.001024      -0.000690      -0.000023      -0.000082    0.000658866    0.017776843    0.001147531    0.003216851
         1     497.544208      89.325879    -301.669752     -24.479903      25.257853     -22.107532       0.001902       0.000104      -0.001494      -0.000222       0.000165      -0.000176       0.004623      -0.003626      -0.000997       0.000289      -0.000996       0.001160    0.005028574    0.016519382    0.000645372    0.000582501
         1     432.798634      47.284254     -12.743089      86.222397      36.301569     -79.364253       0.002406      -0.000506      -0.001061       0.000019      -0.000801      -0.000793       0.004255      -0.002668      -0.001587      -0.000617       0.000432       0.002029    0.000000000    0.000487124    0.008475865    0.006447709
         1     495.118380    -120.881025    -117.914241      50.770078     -26.062197       6.550972       0.001894      -0.000719      -0.000714       0.000418      -0.000212       0.000051       0.004618      -0.002302      -0.002316      -0.000120       0.000091       0.000953    0.006019414    0.000000000    0.002933309    0.005897587
         1     489.562785      -3.352375      22.104757    -111.156466     -62.837807     -81.509443       0.002390      -0.000775      -0.000702      -0.000154       0.000222      -0.000456       0.007396      -0.003768      -0.003628       0.000189      -0.000857       0.001939    0.009006137    0.000000000    0.015952491    0.005836002
         1     550.879315      22.912881      31.539539      25.614784     -57.269371      98.264782       0.002374      -0.000636      -0.000651      -0.000723       0.000305       0.000458       0.007427      -0.003965      -0.003462       0.000511      -0.001364       0.001056    0.018593509    0.001956447    0.015398197    0.000000000
         1     463.512185      68.248799     -24.550048      79.474622      85.506373     -56.838228       0.002471      -0.000502      -0.001058       0.000171      -0.000328      -0.000278       0.007346      -0.004173      -0.003173      -0.001149      -0.001248       0.001397    0.005819706    0.012238784    0.000000000    0.010863549
         1     544.324581    -194.024603     123.759342     -21.179524     -84.409623     128.222737       0.001933      -0.001201       0.000120      -0.000190      -0.000738       0.001067       0.007997      -0.003325      -0.004673       0.000171      -0.000450       0.000349    0.000415576    0.004781591    0.003157305    0.032283863
         1     488.955312    -107.284982      12.041956     122.208660      79.873015    -159.372983       0.001899      -0.000858      -0.000334       0.000681       0.000426      -0.001367       0.007785      -0.003782      -0.004003      -0.002818      -0.001209       0.003229    0.001512961    0.000407355    0.012915951    0.019999125
         1     364.896273     -23.367430     -24.003990       7.388974      11.602369     -13.213126       0.003069      -0.001266      -0.001232       0.000514       0.000864      -0.000208       0.006837      -0.003428      -0.003409      -0.000748      -0.001505       0.001904    0.007983318    0.002477447    0.000255381    0.010337147
         1     452.706768      59.101734      54.869123     -27.277067       3.028485       3.612718       0.003363      -0.001138      -0.001208      -0.000783       0.000251       0.000018       0.006671      -0.003466      -0.003205       0.000335      -0.001123       0.001490    0.001822472    0.004830041    0.012896735    0.004309281
         1     584.587080     -36.486464     113.419380      54.542764      83.686242     -54.565730       0.001987      -0.000716      -0.000084       0.000313       0.000597      -0.000392       0.007908      -0.003670      -0.004238      -0.000755      -0.001360       0.001819    0.006604280    0.000000005    0.000384352    0.026638163
         1     476.718235     -50.997507     157.618267     -75.666764      19.061980      81.286449       0.002784      -0.001757       0.000021       0.000780      -0.000329       0.001343       0.007205      -0.002745      -0.004460      -0.000734      -0.000520      -0.000324    0.012169806    0.001731981    0.001010259    0.015161966
         1     596.168126     144.310299    -191.632318      43.077899     -21.435166     117.679096       0.002097       0.000139      -0.001250       0.000374      -0.000174       0.000974       0.007451      -0.004886      -0.002564      -0.000887      -0.000397       0.000408    0.002308461    0.031632318    0.003367560    0.008936400
         1     512.336906      93.059334    -312.811760     -27.080886      26.676767     -23.294525       0.001955       0.000121      -0.001550      -0.000242       0.000182      -0.000188       0.007857      -0.005315      -0.002542       0.000213      -0.001387       0.001699    0.011611852    0.027998576    0.002466252    0.002100507
         1     446.688902      58.821126     -20.294311      81.748906      39.511052     -86.278463       0.002476      -0.000438      -0.001167      -0.000045      -0.000850      -0.000932       0.007474      -0.004402      -0.003072      -0.000663       0.000124       0.002722    0.000000001    0.002220217    0.014683453    0.012463875
         1     517.856543    -112.607168    -111.222999      51.828723     -27.648647       7.179687       0.001960      -0.000715      -0.000716       0.000426      -0.000227       0.000055       0.007820      -0.003971      -0.003849      -0.000054      -0.000153       0.001525    0.010768214    0.000000000    0.005607130    0.010228498
         1     485.871370      -6.595421      17.476289    -110.487755     -63.216707     -82.206045       0.002385      -0.000776      -0.000717      -0.000149       0.000223      -0.000464       0.007401      -0.003719      -0.003682       0.000175      -0.000814       0.001850    0.009043022    0.000000000    0.015854192    0.005900152
         1     546.962839      19.984699      26.939370      24.980070     -57.901061      97.565699       0.002368      -0.000638      -0.000664      -0.000728       0.000303       0.000451       0.007434      -0.003917      -0.003517       0.000505      -0.001315       0.000967    0.018584683    0.001922224    0.015315519    0.000000000
         1     459.491005      65.495960     -30.977627      78.466852      86.815563     -57.330352       0.002463      -0.000495      -0.001081       0.000166      -0.000320      -0.000281       0.007353      -0.004139      -0.003214      -0.001145      -0.001214       0.001302    0.005825602    0.012330639    0.000000000    0.010820743
         1     540.077670    -195.302983     117.377501     -19.839877     -80.151963     126.110606       0.001925      -0.001196       0.000101      -0.000179      -0.000703       0.001048       0.008003      -0.003287      -0.004716       0.000153      -0.000442       0.000269    0.000301108    0.004737708    0.003135671    0.032257254
         1     485.343261    -110.167750       6.261936     122.293350      81.473794    -160.160779       0.001892      -0.000858      -0.000348       0.000689       0.000444      -0.001372       0.007793      -0.003739      -0.004055      -0.002832      -0.001184       0.003135    0.001577876    0.000378180    0.013027529    0.019865653
         1     360.480940     -27.365430     -29.344409       5.751193      11.212528     -15.021495       0.003059      -0.001271      -0.001243       0.000502       0.000861      -0.000245       0.006846      -0.003379      -0.003467      -0.000741      -0.001457       0.001846    0.007907905    0.002445274    0.000277781    0.010398396
         1     448.851863      55.626255      50.237506     -27.642833       3.476789       2.954124       0.003359      -0.001141      -0.001221      -0.000786       0.000255       0.000014       0.006676      -0.003417      -0.003259       0.000332      -0.001083       0.001396    0.001822018    0.004866566    0.012751802    0.004372794
         1     580.455537     -38.232247     106.764379      52.506425      85.716270     -54.335764       0.001982      -0.000712      -0.000104       0.000292       0.000610      -0.000386       0.007913      -0.003632      -0.004281      -0.000732      -0.001326       0.001714    0.006639016    0.000000005    0.000354948    0.026561443
         1     472.146084     -54.817770     152.702583     -75.253213      19.399058      80.821849       0.002777      -0.001759       0.000007       0.000782      -0.000325       0.001334       0.007215      -0.002698      -0.004517      -0.000737      -0.000475      -0.000416    0.012185260    0.001657422    0.000986782    0.015155590
         1     592.312416     140.935337    -196.698516      43.136519     -21.096576     116.820631       0.002091       0.000135      -0.001262       0.000373      -0.000169       0.000968       0.007456      -0.004839      -0.002616      -0.000892      -0.000357       0.000313    0.002365021    0.031580542    0.003329391    0.008951873
         1     509.880027      90.289347    -316.485424     -27.326841      26.851832     -24.002729       0.001951       0.000118      -0.001559      -0.000243       0.000186      -0.000194       0.007859      -0.005263      -0.002597       0.000205      -0.001350       0.001610    0.011659315    0.027933503    0.002489137    0.002152925
         1     442.795419      57.465946     -28.728458      78.312605      41.811181     -87.667810       0.002471      -0.000420      -0.001205      -0.000077      -0.000846      -0.000967       0.007478      -0.004381      -0.003096      -0.000622       0.000168       0.002662    0.000000002    0.002241308    0.014709829    0.012407316
         1     511.690465    -118.279370    -118.498460      52.388245     -27.668506       6.137680       0.001949      -0.000723      -0.000733       0.000429      -0.000225       0.000046       0.007832      -0.003918      -0.003915      -0.000065      -0.000117       0.001430    0.010750609    0.000000000    0.005637199    0.010234418
         1     504.529850      -2.336694      22.557614    -114.218066     -65.317213     -84.595077       0.002460      -0.000790      -0.000728      -0.000160       0.000224      -0.000478       0.012253      -0.006083      -0.006170      -0.000069      -0.001314       0.002498    0.016648679    0.000000000    0.026926770    0.011117139
         1     565.773446      24.172967      28.405937      23.118793     -59.264480     101.708784       0.002452      -0.000649      -0.000692      -0.000785       0.000328       0.000469       0.012274      -0.006305      -0.005969       0.000349      -0.001870       0.001589    0.031193373    0.005129416    0.026411037    0.000000000
         1     475.699000      69.492468     -28.764790      83.758591      92.953377     -60.242141       0.002523      -0.000504      -0.001091       0.000205      -0.000275      -0.000305       0.012220      -0.006526      -0.005694      -0.001528      -0.001847       0.001942    0.011248348    0.021907752    0.000000000    0.018485746
         1     560.225891    -207.472301     131.953393     -25.810516     -96.618718     136.056155       0.001992      -0.001266       0.000144      -0.000236      -0.000840       0.001134       0.012882      -0.005606      -0.007276      -0.000027      -0.000845       0.000805    0.001975209    0.008003204    0.005862893    0.055867678
         1     507.405473    -119.229836       8.636156     146.044594      90.715717    -168.703720       0.001922      -0.000876      -0.000333       0.001036       0.000625      -0.001416       0.012682      -0.006118      -0.006563      -0.003740      -0.001879       0.003820    0.003529215    0.001635385    0.024391777    0.033094462
         1     369.513505     -29.679927     -30.597300       8.084310      17.622206     -12.864788       0.003157      -0.001318      -0.001284       0.000535       0.000941      -0.000204       0.011666      -0.005738      -0.005928      -0.000991      -0.002026       0.002432    0.013533178    0.004664907    0.000959113    0.017772339
         1     464.434832      60.363301      55.086211     -29.213200       4.532486       2.677483       0.003458      -0.001169      -0.001247      -0.000815       0.000270       0.000011       0.011518      -0.005786      -0.005732       0.000100      -0.001605       0.002060    0.004471910    0.009560875    0.021090337    0.008407289
         1     599.671789     -42.792127     116.381147      59.450605      80.597573     -60.358102       0.002042      -0.000750      -0.000082       0.000359       0.000572      -0.000441       0.012778      -0.005975      -0.006804      -0.001087      -0.001776       0.002400    0.011386779    0.000000005    0.000884763    0.044814533
         1     490.668333     -51.812687     162.725515     -78.475498      20.359776      83.688339       0.002860      -0.001803       0.000024       0.000793      -0.000330       0.001381       0.012066      -0.005028      -0.007038      -0.000945      -0.000970       0.000156    0.021012151    0.004013373    0.002540535    0.026520910
         1     616.099210     148.806416    -201.313554      44.945534     -21.707090     120.943695       0.002170       0.000146      -0.001303       0.000388      -0.000173       0.001002       0.012294      -0.007245      -0.005049      -0.001170      -0.000842       0.000923    0.005286986    0.052630018    0.006738351    0.018613190
         1     524.725999      90.662576    -330.595846     -28.731262      27.885769     -25.014916       0.002013       0.000118      -0.001620      -0.000256       0.000195      -0.000203       0.012722      -0.007687      -0.005035       0.000013      -0.001852       0.002249    0.022464675    0.044815950    0.005584355    0.004817594
         1     453.762827      72.348193     -47.972573      57.703444      46.042423     -93.340975       0.002572      -0.000324      -0.001389      -0.000307      -0.000944      -0.001128       0.012302      -0.006909      -0.005393      -0.000566      -0.000215       0.003482    0.000000219    0.005500647    0.024255692    0.021383472
         1     539.517787    -110.361493    -111.403507      53.488210     -29.104734       6.964754       0.002033      -0.000724      -0.000738       0.000435      -0.000237       0.000051       0.012657      -0.006331      -0.006327      -0.000117      -0.000505       0.002129    0.017896788    0.000000000    0.009684523    0.016533294
         1     502.824323      -4.237047      20.957331    -113.775459     -64.687908     -84.928451       0.002460      -0.000794      -0.000732      -0.000153       0.000233      -0.000481       0.012253      -0.006067      -0.006186      -0.000030      -0.001232       0.002448    0.016641772    0.000000000    0.026796549    0.011248392
         1     564.094502      22.068302      27.168669      23.536236     -58.697143     101.522251       0.002449      -0.000654      -0.000694      -0.000782       0.000333       0.000467       0.012278      -0.006288      -0.005990       0.000386      -0.001787       0.001540    0.031229065    0.005129571    0.026299147    0.000000000
         1     473.734207      65.929334     -30.609248      85.737587      94.546157     -61.334087       0.002513      -0.000515      -0.001084       0.000223      -0.000250      -0.000317       0.012227      -0.006502      -0.005725      -0.001515      -0.001784       0.001909    0.011278361    0.021907457    0.000000000    0.018486208
         1     558.643477    -207.938791     129.401259     -25.128218     -94.711633     135.148543       0.001989      -0.001264       0.000137      -0.000229      -0.000825       0.001126       0.012884      -0.005598      -0.007286       0.000013      -0.000770       0.000763    0.001809150    0.007989377    0.005853254    0.055866481
         1     506.036334    -120.958421       6.419903     146.586670      91.611272    -169.125837       0.001917      -0.000877      -0.000337       0.001048       0.000637      -0.001419       0.012685      -0.006106      -0.006579      -0.003708      -0.001805       0.003768    0.003574128    0.001633787    0.024400736    0.033113108
         1     367.945710     -31.506695     -32.352503       9.715115      20.140607     -11.508360       0.003163      -0.001325      -0.001291       0.000549       0.000965      -0.000179       0.011661      -0.005719      -0.005941      -0.000957      -0.001959       0.002352    0.013473500    0.004671671    0.000995514    0.017733215
         1     462.520098      58.111412      53.196419     -28.928507       5.414405       2.343559       0.003455      -0.001176      -0.001249      -0.000813       0.000278       0.000007       0.011521      -0.005770      -0.005751       0.000146      -0.001524       0.002015    0.004466422    0.009513565    0.021021119    0.008487265
         1     598.087094     -43.191545     113.272338      58.528448      84.113839     -58.601701       0.002037      -0.000747      -0.000090       0.000357       0.000605      -0.000428       0.012783      -0.005969      -0.006814      -0.001033      -0.001719       0.002334    0.011395517    0.000000005    0.000906961    0.044712194
         1     488.779766     -53.516648     160.665683     -77.840903      21.084709      83.594224       0.002858      -0.001806       0.000018       0.000799      -0.000324       0.001380       0.012070      -0.005015      -0.007055      -0.000901      -0.000884       0.000113    0.021022156    0.003937518    0.002568608    0.026505666
         1     614.423707     147.331706    -203.370316      45.265334     -21.355153     120.703648       0.002167       0.000144      -0.001308       0.000390      -0.000167       0.001001       0.012297      -0.007233      -0.005064      -0.001130      -0.000757       0.000874    0.005310226    0.052535517    0.006710201    0.018702065
         1     523.496549      89.269916    -332.114288     -28.460656      28.109933     -25.269121       0.002011       0.000116      -0.001623      -0.000253       0.000200      -0.000205       0.012723      -0.007670      -0.005052       0.000066      -0.001773       0.002198    0.022411711    0.044839001    0.005589927    0.004840555
         1     452.350805      70.671040     -49.949048      58.639590      47.594601     -93.842245       0.002565      -0.000325      -0.001390      -0.000294      -0.000925      -0.001132       0.012311      -0.006897      -0.005414      -0.000533      -0.000144       0.003435    0.000000226    0.005521021    0.024295690    0.021355527
         1     536.843575    -113.308455    -114.176284      53.982326     -28.665615       6.220886       0.002028      -0.000729      -0.000743       0.000440      -0.000232       0.000045       0.012661      -0.006313      -0.006348      -0.000066      -0.000418       0.002086    0.017837657    0.000000000    0.009708765    0.016577640
         1     526.089368       0.966038      27.404351    -118.104894     -66.877773     -87.880612       0.002556      -0.000813      -0.000747      -0.000162       0.000241      -0.000497       0.019545      -0.009599      -0.009946      -0.000389      -0.001862       0.003335    0.028423733    0.000000000    0.043482232    0.019559920
         1     584.876915      23.616586      28.246620      23.749278     -60.643955     105.483164       0.002541      -0.000676      -0.000721      -0.000819       0.000350       0.000485       0.019577      -0.009848      -0.009729       0.000127      -0.002448       0.002401    0.050368949    0.010714709    0.042958105    0.000000000
         1     492.998652      65.776760     -25.267774      95.375280     100.365709     -66.187699       0.002589      -0.000564      -0.001067       0.000288      -0.000202      -0.000358       0.019542      -0.010023      -0.009520      -0.002006      -0.002537       0.002822    0.020008048    0.036274619    0.000000000    0.030376296
         1     581.644526    -215.381259     137.911110     -27.183124    -100.872619     141.322789       0.002067      -0.001315       0.000153      -0.000249      -0.000876       0.001179       0.020207      -0.009121      -0.011086      -0.000303      -0.001376       0.001583    0.005461559    0.012914215    0.010162531    0.091946797
         1     528.197841    -125.032043       8.805425     156.924342      96.530887    -176.285158       0.001985      -0.000904      -0.000341       0.001166       0.000700      -0.001472       0.020006      -0.009666      -0.010340      -0.004349      -0.002520       0.004702    0.006588692    0.004248065    0.042978076    0.053920986
         1     380.757463     -32.123384     -32.511199      13.122607      24.842259      -8.552605       0.003280      -0.001375      -0.001337       0.000591       0.001033      -0.000119       0.018930      -0.009250      -0.009679      -0.001303      -0.002637       0.003159    0.021913872    0.008043202    0.002345053    0.028638871
         1     479.382601      61.394206      56.543839     -29.954888       5.842684       2.267999       0.003573      -0.001214      -0.001287      -0.000841       0.000289       0.000005       0.018809      -0.009316      -0.009493      -0.000145      -0.002169       0.002908    0.008647280    0.016619494    0.033398361    0.014993097
         1     620.896285     -48.253200     123.127885      65.385360      78.370797     -65.767095       0.002112      -0.000791      -0.000071       0.000415       0.000556      -0.000489       0.020096      -0.009487      -0.010610      -0.001437      -0.002279       0.003263    0.018414891    0.000000007    0.001874012    0.073042285
         1     509.735376     -51.307135     170.512319     -81.092948      21.956935      86.583313       0.002961      -0.001860       0.000028       0.000819      -0.000334       0.001428       0.019358      -0.008508      -0.010850      -0.001203      -0.001485       0.000929    0.034587913    0.007423261    0.005122380    0.043997609
         1     641.301646     155.550922    -209.331734      47.150912     -22.180319     125.528950       0.002258       0.000154      -0.001357       0.000406      -0.000174       0.001041       0.019586      -0.010820      -0.008766      -0.001480      -0.001354       0.001728    0.009834106    0.084705063    0.011783591    0.034063861
         1     540.046775      88.733385    -349.385405     -29.741188      29.256908     -26.298202       0.002083       0.000113      -0.001695      -0.000264       0.000209      -0.000213       0.020036      -0.011275      -0.008761      -0.000176      -0.002394       0.003070    0.038989781    0.070505926    0.010303843    0.008958975
         1     464.392439      89.291489     -77.869242      28.652106      52.083903    -100.632564       0.002700      -0.000199      -0.001646      -0.000627      -0.001074      -0.001341       0.019560      -0.010649      -0.008911      -0.000429      -0.000596       0.004546    0.000028997    0.010283320    0.039359068    0.034483003
         1     572.640530    -101.503135    -102.612356      55.650758     -29.937929       6.769281       0.002132      -0.000727      -0.000743       0.000452      -0.000242       0.000049       0.019930      -0.009919      -0.010011      -0.000185      -0.000925       0.003054    0.028586232    0.000000000    0.015744342    0.026073739
         1     524.121196      -0.936568      25.632031    -117.647239     -66.348057     -87.873888       0.002555      -0.000818      -0.000751      -0.000155       0.000248      -0.000497       0.019547      -0.009597      -0.009949      -0.000297      -0.001778       0.003358    0.028349196    0.000000000    0.043351807    0.019669189
         1     583.235478      21.276964      27.124006      24.351551     -59.960037     105.647461       0.002537      -0.000682      -0.000721      -0.000814       0.000355       0.000487       0.019581      -0.009842      -0.009739       0.000214      -0.002367       0.002424    0.050426169    0.010748902    0.042828306    0.000000000
         1     490.939013      61.736132     -26.556525      97.819406     101.585185     -67.021034       0.002580      -0.000580      -0.001055       0.000309      -0.000179      -0.000368       0.019549      -0.010005      -0.009544      -0.001947      -0.002468       0.002863    0.020068755    0.036131274    0.000000000    0.030410667
         1     580.129957    -216.268696     135.703409     -26.621896     -99.844525     141.021922       0.002064      -0.001315       0.000148      -0.000242      -0.000868       0.001176       0.020209      -0.009122      -0.011087      -0.000210      -0.001294       0.001612    0.005307902    0.012948781    0.010141176    0.091913757
         1     526.771939    -126.830364       7.088006     157.466127      96.985080    -176.407306       0.001981      -0.000906      -0.000343       0.001176       0.000708      -0.001472       0.020009      -0.009664      -0.010345      -0.004261      -0.002440       0.004723    0.006601862    0.004256940    0.042980523    0.053972450
         1     379.387758     -33.740442     -33.878920      15.692664      27.576610      -6.249217       0.003287      -0.001383      -0.001344       0.000611       0.001058      -0.000075       0.018923      -0.009243      -0.009680      -0.001225      -0.002571       0.003135    0.021822073    0.008091454    0.002386136    0.028557577
         1     477.465502      59.166561      54.801650     -29.408442       6.388981       2.257975       0.003570      -0.001219      -0.001288      -0.000836       0.000293       0.000004       0.018814      -0.009313      -0.009501      -0.000049      -0.002085       0.002936    0.008620274    0.016503794    0.033417225    0.015053566
         1     619.430154     -48.568246     120.367909      64.561670      82.539580     -63.262886       0.002107      -0.000787      -0.000078       0.000416       0.000597      -0.000471       0.020102      -0.009493      -0.010609      -0.001334      -0.002229       0.003268    0.018369259    0.000000006    0.001937120    0.072886617
         1     508.032991     -52.876566     168.618767     -80.332903      22.535419      86.714234       0.002960      -0.001864       0.000024       0.000828      -0.000329       0.001430       0.019361      -0.008506      -0.010855      -0.001112      -0.001396       0.000960    0.034521417    0.007351116    0.005176470    0.044017294
         1     639.619483     153.857085    -211.240001      47.610745     -21.930071     125.649244       0.002255       0.000151      -0.001360       0.000410      -0.000170       0.001042       0.019588      -0.010819      -0.008769      -0.001393      -0.001267       0.001753    0.009838093    0.084539502    0.011789008    0.034228119
         1     538.566982      87.192083    -350.888655     -29.324335      29.419611     -26.188786       0.002080       0.000111      -0.001697      -0.000260       0.000213      -0.000213       0.020038      -0.011269      -0.008769      -0.000072      -0.002316       0.003091    0.038838671    0.070592160    0.010318265    0.008955763
         1     463.116362      86.397174     -77.617543      31.944168      52.852527    -100.481599       0.002690      -0.000212      -0.001630      -0.000592      -0.001051      -0.001328       0.019572      -0.010634      -0.008938      -0.000376      -0.000529       0.004556    0.000021058    0.010312265    0.039422446    0.034410000
         1     571.762536    -102.690534    -103.381382      55.943708     -29.616109       6.483052       0.002131      -0.000730      -0.000744       0.000455      -0.000239       0.000047       0.019930      -0.009918      -0.010011      -0.000079      -0.000828       0.003088    0.028511828    0.000000000    0.015772717    0.026129251
         1     546.386007       3.274458      30.899065    -121.622710     -68.514872     -90.914998       0.002650      -0.000839      -0.000769      -0.000160       0.000258      -0.000514       0.029450      -0.014401      -0.015049      -0.000636      -0.002510       0.004592    0.044547703    0.000000000    0.066189745    0.031564915
         1     603.219467      22.272866      28.238498      25.033787     -61.881058     109.335445       0.002624      -0.000705      -0.000745      -0.000843       0.000369       0.000504       0.029493      -0.014664      -0.014829      -0.000046      -0.003129       0.003631    0.076867572    0.018862117    0.065405508    0.000000000
         1     510.794646      61.190723     -20.930145     107.776753     106.786981     -71.964191       0.002662      -0.000634      -0.001038       0.000374      -0.000140      -0.000410       0.029469      -0.014784      -0.014685      -0.002424      -0.003306       0.004125    0.032557524    0.055541177    0.000000000    0.046998353
         1     601.955964    -221.641456     142.719025     -27.650085    -103.600992     145.970364       0.002138      -0.001357       0.000158      -0.000252      -0.000900       0.001218       0.030144      -0.013921      -0.016224      -0.000513      -0.002020       0.002790    0.010500715    0.019755107    0.016022798    0.141795164
         1     548.401690    -129.467665       9.574038     164.205996     100.814724    -183.017180       0.002055      -0.000935      -0.000351       0.001236       0.000742      -0.001526       0.029933      -0.014484      -0.015449      -0.004782      -0.003227       0.006003    0.010748062    0.008134213    0.069534789    0.083140265
         1     393.693759     -33.546981     -33.420524      18.308180      30.768537      -4.257686       0.003408      -0.001431      -0.001390       0.000648       0.001114      -0.000033       0.028800      -0.014039      -0.014761      -0.001564      -0.003340       0.004308    0.033120241    0.012910598    0.004480119    0.043182565
         1     495.331437      62.745149      58.337128     -30.456194       6.734419       2.272972       0.003694      -0.001259      -0.001328      -0.000865       0.000304       0.000004       0.028707      -0.014123      -0.014583      -0.000325      -0.002831       0.004167    0.014340530    0.026007252    0.050472772    0.024245331
         1     641.858339     -52.898838     129.391856      70.565258      77.887142     -69.747670       0.002181      -0.000828      -0.000063       0.000464       0.000555      -0.000524       0.030026      -0.014279      -0.015746      -0.001715      -0.002901       0.004536    0.027651406    0.000000011    0.003476729    0.112528411
         1     529.823828     -50.572575     178.785962     -83.328764      23.322777      89.737734       0.003069      -0.001921       0.000034       0.000854      -0.000341       0.001480       0.029250      -0.013261      -0.015989      -0.001422      -0.002095       0.002124    0.053222293    0.012007440    0.008871775    0.068396835
         1     664.825203     162.203490    -215.748657      49.351995     -22.681633     130.009061       0.002339       0.000162      -0.001403       0.000425      -0.000176       0.001078       0.029499      -0.015673      -0.013826      -0.001730      -0.001967       0.002955    0.016028365    0.128918467    0.018715617    0.056209711
         1     553.308647      86.385315    -366.970064     -30.512395      30.463866     -27.072906       0.002145       0.000108      -0.001763      -0.000271       0.000221      -0.000220       0.029971      -0.016134      -0.013837      -0.000306      -0.003042       0.004307    0.061438733    0.106076371    0.016791233    0.014555480
         1     476.842651      98.025160     -95.076467      14.692971      55.402055    -105.716777       0.002812      -0.000145      -0.001805      -0.000800      -0.001165      -0.001467       0.029448      -0.015575      -0.013873      -0.000432      -0.001127       0.005935    0.000270020    0.016386141    0.060903158    0.051755931
         1     615.459226     -81.002249     -81.666506      57.567617     -30.623399       6.848873       0.002245      -0.000709      -0.000723       0.000468      -0.000247       0.000050       0.029797      -0.014821      -0.014976      -0.000196      -0.001405       0.004427    0.043194864    0.000000000    0.023930411    0.039121248
         1     543.934113       0.966993      28.445505    -121.320236     -68.251087     -90.907703       0.002647      -0.000843      -0.000775      -0.000156       0.000262      -0.000514       0.029453      -0.014379      -0.015075      -0.000580      -0.002429       0.004598    0.044493632    0.000000000    0.066040938    0.031628302
         1     601.066453      19.938015      26.243019      25.186396     -61.546522     109.451945       0.002621      -0.000710      -0.000749      -0.000842       0.000372       0.000505       0.029497      -0.014638      -0.014859       0.000005      -0.003050       0.003638    0.076870144    0.018912038    0.065262587    0.000000000
         1     507.889943      57.937851     -24.012070     108.347483     107.505814     -72.157860       0.002654      -0.000640      -0.001041       0.000380      -0.000130      -0.000413       0.029474      -0.014759      -0.014715      -0.002374      -0.003223       0.004137    0.032583643    0.055403138    0.000000000    0.047017750
         1     599.684465    -223.252345     139.845921     -27.226886    -102.648221     145.652666       0.002134      -0.001358       0.000152      -0.000247      -0.000892       0.001215       0.030148      -0.013902      -0.016246      -0.000457      -0.001941       0.002801    0.010321228    0.019767736    0.015996433    0.141741582
         1     546.201220    -131.717075       7.050614     164.423052     101.168155    -183.135612       0.002050      -0.000938      -0.000355       0.001241       0.000747      -0.001526       0.029937      -0.014462      -0.015475      -0.004725      -0.003147       0.006008    0.010773726    0.008123917    0.069526964    0.083143149
         1     391.396038     -35.853128     -35.819660      19.295434      31.967032      -3.383116       0.003408      -0.001437      -0.001397       0.000656       0.001125      -0.000017       0.028801      -0.014014      -0.014787      -0.001510      -0.003265       0.004297    0.033014748    0.012923869    0.004524159    0.043128215
         1     492.881679      60.215477      55.877275     -30.248947       7.103586       2.235055       0.003690      -0.001264      -0.001333      -0.000864       0.000307       0.000003       0.028711      -0.014100      -0.014611      -0.000265      -0.002749       0.004176    0.014326741    0.025916243    0.050425363    0.024294218
         1     639.706068     -52.771777     125.126101      68.648200      82.971413     -66.812708       0.002176      -0.000822      -0.000076       0.000452       0.000601      -0.000501       0.030032      -0.014270      -0.015762      -0.001633      -0.002862       0.004516    0.027631996    0.000000009    0.003513043    0.112216126
         1     527.191293     -53.001822     175.987369     -82.912994      23.741334      89.813612       0.003065      -0.001925       0.000028       0.000858      -0.000337       0.001481       0.029256      -0.013239      -0.016017      -0.001363      -0.002009       0.002135    0.053132782    0.011918692    0.008900495    0.068418925
         1     662.259093     159.676109    -218.584522      49.596859     -22.501870     129.999359       0.002334       0.000158      -0.001409       0.000426      -0.000173       0.001078       0.029501      -0.015651      -0.013851      -0.001676      -0.001885       0.002958    0.016052809    0.128741880    0.018713785    0.056313808
         1     551.921257      84.941914    -368.547180     -30.358618      30.584951     -27.031220       0.002143       0.000106      -0.001767      -0.000269       0.000223      -0.000220       0.029973      -0.016107      -0.013866      -0.000246      -0.002971       0.004314    0.061355336    0.106095575    0.016819004    0.014565811
         1     474.605970      95.717458     -97.559135      15.292676      56.187413    -105.813140       0.002805      -0.000149      -0.001808      -0.000792      -0.001154      -0.001467       0.029456      -0.015553      -0.013903      -0.000379      -0.001051       0.005941    0.000268248    0.016382729    0.060967416    0.051638074
         1     613.339464     -83.192971     -83.844751      57.736898     -30.473879       6.654753       0.002242      -0.000713      -0.000727       0.000469      -0.000245       0.000048       0.029801      -0.014799      -0.015002      -0.000134      -0.001316       0.004438    0.043073377    0.000000000    0.023951185    0.039165380
         1     557.983188       3.214940      31.330139    -123.870277     -69.681919     -92.924196       0.002709      -0.000857      -0.000788      -0.000158       0.000269      -0.000525       0.039392      -0.019181      -0.020211      -0.000842      -0.003074       0.005838    0.060889269    0.000000000    0.089045256    0.044038593
         1     613.440654      20.616943      26.975371      25.598654     -62.735703     111.729775       0.002674      -0.000723      -0.000764      -0.000861       0.000380       0.000515       0.039439      -0.019446      -0.019994      -0.000220      -0.003722       0.004859    0.103673582    0.027399860    0.087863594    0.000000000
         1     521.365198      58.609701     -21.152354     113.776491     110.635484     -74.954727       0.002713      -0.000668      -0.001041       0.000413      -0.000114      -0.000435       0.039416      -0.019549      -0.019868      -0.002722      -0.003924       0.005385    0.045522813    0.074878325    0.000000000    0.064017671
         1     612.966135    -225.605839     144.501219     -27.766081    -104.694493     148.462096       0.002178      -0.001381       0.000158      -0.000252      -0.000910       0.001239       0.040112      -0.018702      -0.021410      -0.000697      -0.002589       0.004006    0.015351192    0.026640157    0.021857113    0.192550196
         1     560.195791    -132.959870       8.953546     168.456006     103.534244    -187.300468       0.002098      -0.000955      -0.000360       0.001274       0.000767      -0.001560       0.039888      -0.019269      -0.020619      -0.005101      -0.003826       0.007276    0.015004011    0.012069813    0.096912491    0.112986155
         1     401.842434     -35.454086     -35.316301      20.415967      33.441821      -2.748839       0.003492      -0.001470      -0.001428       0.000676       0.001158      -0.000003       0.038714      -0.018805      -0.019909      -0.001783      -0.003933       0.005509    0.044220816    0.017902931    0.006809315    0.057778692
         1     505.853466      63.125668      58.716679     -31.023025       7.348408       2.255749       0.003779      -0.001290      -0.001361      -0.000884       0.000315       0.000003       0.038634      -0.018901      -0.019733      -0.000496      -0.003405       0.005409    0.020144479    0.035411534    0.067648275    0.033766632
         1     653.763943     -54.633458     129.975957      71.580532      81.720090     -69.916189       0.002223      -0.000844      -0.000069       0.000475       0.000589      -0.000526       0.039984      -0.019063      -0.020921      -0.001924      -0.003486       0.005767    0.036846200    0.000000013    0.005155598    0.152508648
         1     542.485740     -51.090231     183.307686     -84.931027      24.270513      91.889148       0.003141      -0.001964       0.000035       0.000877      -0.000345       0.001515       0.039176      -0.018001      -0.021175      -0.001626      -0.002629       0.003324    0.072143465    0.016519415    0.012735587    0.093408035
         1     676.967895     165.209940    -220.115324      50.570851     -22.908929     132.370839       0.002382       0.000166      -0.001430       0.000435      -0.000176       0.001098       0.039455      -0.020483      -0.018972      -0.001948      -0.002514       0.004175    0.022348248    0.173809067    0.025684045    0.079134156
         1     559.824484      84.249440    -377.747070     -31.062980      31.171998     -27.518266       0.002178       0.000104      -0.001804      -0.000275       0.000228      -0.000224       0.039939      -0.020939      -0.019000      -0.000460      -0.003620       0.005541    0.084256185    0.142006343    0.023406430    0.020218581
         1     484.295738      99.189246    -104.067767      11.038333      57.285115    -108.619118       0.002878      -0.000137      -0.001880      -0.000859      -0.001204      -0.001523       0.039383      -0.020402      -0.018981      -0.000561      -0.001635       0.007233    0.000833005    0.022192815    0.083209846    0.068806938
         1     651.074042     -57.716303     -58.335564      58.634843     -31.026639       6.853705       0.002329      -0.000677      -0.000692       0.000476      -0.000250       0.000050       0.039699      -0.019700      -0.020000      -0.000250      -0.001819       0.005777    0.058503698    0.000000000    0.032194958    0.052716736
         1     555.786522       1.134805      28.969350    -123.591297     -69.624599     -93.099056       0.002706      -0.000860      -0.000794      -0.000155       0.000271      -0.000527       0.039395      -0.019150      -0.020245      -0.000821      -0.003018       0.005782    0.060871782    0.000000000    0.088909168    0.044124296
         1     611.401098      18.653885      24.924864      25.596196     -62.700425     111.592153       0.002671      -0.000727      -0.000768      -0.000861       0.000381       0.000514       0.039443      -0.019413      -0.020030      -0.000201      -0.003665       0.004802    0.103659878    0.027376685    0.087747768    0.000000000
         1     518.915600      56.173207     -23.979510     113.860595     111.140736     -75.175131       0.002708      -0.000671      -0.001046       0.000415      -0.000108      -0.000437       0.039420      -0.019518      -0.019903      -0.002700      -0.003868       0.005330    0.045529299    0.074880272    0.000000000    0.063986900
         1     610.792851    -227.114978     141.775767     -27.410173    -103.686426     147.989247       0.002174      -0.001382       0.000152      -0.000249      -0.000902       0.001234       0.040115      -0.018674      -0.021441      -0.000677      -0.002538       0.003952    0.015178423    0.026615478    0.021834820    0.192516658
         1     558.151949    -134.926306       6.492233     168.545442     103.823533    -187.499645       0.002094      -0.000958      -0.000365       0.001277       0.000770      -0.001562       0.039892      -0.019239      -0.020653      -0.005077      -0.003771       0.007218    0.015048047    0.012059855    0.096929291    0.112934765
         1     399.627253     -37.602253     -37.709710      20.506758      33.821446      -2.767446       0.003490      -0.001474      -0.001433       0.000677       0.001162      -0.000004       0.038717      -0.018774      -0.019944      -0.001759      -0.003878       0.005452    0.044140525    0.017885013    0.006837991    0.057766167
         1     503.628404      60.926422      56.375983     -30.988852       7.613532       2.089526       0.003775      -0.001294      -0.001366      -0.000884       0.000318       0.000002       0.038638      -0.018870      -0.019768      -0.000471      -0.003350       0.005352    0.020130278    0.035386855    0.067536186    0.033824948
         1     651.682112     -55.302008     126.535773      70.386263      84.301571     -68.615916       0.002219      -0.000841      -0.000079       0.000466       0.000611      -0.000515       0.039989      -0.019040      -0.020949      -0.001885      -0.003451       0.005696    0.036855649    0.000000012    0.005149997    0.152309291
         1     540.026396     -53.334086     180.738905     -84.672460      24.515108      91.800315       0.003137      -0.001967       0.000029       0.000879      -0.000343       0.001513       0.039182      -0.017971      -0.021211      -0.001601      -0.002572       0.003268    0.072123441    0.016440773    0.012729386    0.093380506
         1     674.707019     163.086169    -222.650701      50.676141     -22.772335     132.182004       0.002378       0.000162      -0.001435       0.000435      -0.000174       0.001097       0.039458      -0.020452      -0.019005      -0.001926      -0.002458       0.004115    0.022385244    0.173688387    0.025657929    0.079180565
         1     558.427439      82.782616    -379.379488     -31.029586      31.250953     -27.672111       0.002176       0.000102      -0.001807      -0.000275       0.000230      -0.000225       0.039941      -0.020906      -0.019035      -0.000436      -0.003568       0.005485    0.084234499    0.141973262    0.023421835    0.020252495
         1     482.298832      97.341634    -106.586028      11.047911      57.944514    -108.844907       0.002873      -0.000138      -0.001885      -0.000857      -0.001198      -0.001526       0.039389      -0.020374      -0.019015      -0.000536      -0.001583       0.007178    0.000849264    0.022191835    0.083222735    0.068745835
         1     647.700673     -61.032778     -61.913807      58.840947     -30.945901       6.523318       0.002324      -0.000682      -0.000699       0.000478      -0.000249       0.000047       0.039706      -0.019665      -0.020041      -0.000230      -0.001766       0.005717    0.058364815    0.000000000    0.032176101    0.052655969
         1     562.581378       1.880465      30.022511    -124.902653     -70.370993     -94.143713       0.002737      -0.000868      -0.000801      -0.000156       0.000274      -0.000533       0.047202      -0.022897      -0.024304      -0.001005      -0.003478       0.006705    0.073833355    0.000000000    0.106931488    0.054177603
         1     616.923218      18.555816      24.830332      25.781288     -63.278155     112.685917       0.002696      -0.000734      -0.000776      -0.000870       0.000385       0.000519       0.047251      -0.023161      -0.024090      -0.000370      -0.004142       0.005717    0.124805230    0.034118008    0.105419215    0.000000000
         1     525.678096      56.475938     -23.239922     116.287033     112.737624     -76.490523       0.002739      -0.000685      -0.001051       0.000429      -0.000103      -0.000447       0.047226      -0.023260      -0.023966      -0.002927      -0.004352       0.006256    0.055860623    0.090311196    0.000000000    0.077459727
         1     616.793668    -228.147608     143.868459     -27.648862    -104.567605     149.235658       0.002194      -0.001392       0.000155      -0.000251      -0.000910       0.001245       0.047937      -0.022423      -0.025514      -0.000849      -0.003003       0.004860    0.018913350    0.031981988    0.026408370    0.232759197
         1     564.880526    -135.686600       7.272469     170.524790     104.990676    -189.556000       0.002118      -0.000967      -0.000367       0.001293       0.000780      -0.001579       0.047705      -0.022988      -0.024717      -0.005322      -0.004249       0.008156    0.018453517    0.015171445    0.118798665    0.136563261
         1     405.082377     -37.764658     -37.836037      20.929374      34.464898      -2.635046       0.003535      -0.001493      -0.001451       0.000687       0.001178      -0.000001       0.046506      -0.022513      -0.023993      -0.001950      -0.004350       0.006365    0.052872080    0.021815690    0.008714545    0.069316032
         1     510.505645      62.250942      57.652856     -31.425908       7.757858       2.097218       0.003824      -0.001310      -0.001382      -0.000896       0.000322       0.000002       0.046433      -0.022615      -0.023818      -0.000640      -0.003816       0.006272    0.024738979    0.042884159    0.080996743    0.041435800
         1     658.138503     -56.180286     128.063770      71.388345      84.573389     -69.627766       0.002241      -0.000851      -0.000079       0.000473       0.000612      -0.000523       0.047802      -0.022785      -0.025017      -0.002080      -0.003909       0.006620    0.044098102    0.000000015    0.006439870    0.184046591
         1     548.076222     -52.449165     184.512516     -85.731476      24.802910      92.913633       0.003177      -0.001988       0.000032       0.000889      -0.000347       0.001532       0.046975      -0.021693      -0.025281      -0.001790      -0.003015       0.004165    0.087240432    0.019986673    0.015770131    0.113211477
         1     681.024970     165.533760    -223.211431      51.094659     -22.942093     133.179353       0.002398       0.000166      -0.001444       0.000439      -0.000176       0.001105       0.047277      -0.024215      -0.023062      -0.002116      -0.002911       0.005027    0.027409454    0.209274911    0.031106218    0.097426607
         1     561.044187      81.704644    -384.131450     -31.342343      31.507580     -27.889767       0.002190       0.000100      -0.001825      -0.000278       0.000232      -0.000227       0.047766      -0.024664      -0.023102      -0.000600      -0.004033       0.006402    0.102353392    0.170204757    0.028641844    0.024756230
         1     486.799965      97.628510    -110.032320      10.150641      58.576222    -110.278729       0.002908      -0.000138      -0.001918      -0.000879      -0.001218      -0.001550       0.047190      -0.024137      -0.023052      -0.000699      -0.002016       0.008121    0.001445274    0.026675427    0.100897073    0.082203281
         1     672.678156     -41.374010     -42.261885      59.242461     -31.190335       6.595753       0.002377      -0.000651      -0.000668       0.000480      -0.000251       0.000047       0.047480      -0.023485      -0.023995      -0.000324      -0.002124       0.006714    0.071277741    0.000000000    0.038900716    0.063924967
         1     561.599550       0.926793      28.923744    -124.590762     -70.275468     -94.428562       0.002736      -0.000869      -0.000805      -0.000153       0.000277      -0.000536       0.047202      -0.022880      -0.024323      -0.000982      -0.003434       0.006638    0.073831037    0.000000000    0.106834068    0.054296792
         1     615.979085      17.546899      23.996404      25.941542     -63.220802     112.407671       0.002694      -0.000736      -0.000777      -0.000868       0.000386       0.000517       0.047254      -0.023143      -0.024111      -0.000347      -0.004095       0.005649    0.124828473    0.034065744    0.105342402    0.000000000
         1     524.629999      55.153162     -24.422938     116.685132     113.211389     -76.901712       0.002736      -0.000687      -0.001051       0.000433      -0.000096      -0.000451       0.047228      -0.023241      -0.023988      -0.002907      -0.004313       0.006191    0.055881872    0.090360645    0.000000000    0.077442280
         1     615.825810    -228.486353     142.336721     -27.273892    -103.464180     148.648458       0.002192      -0.001391       0.000150      -0.000248      -0.000901       0.001239       0.047938      -0.022408      -0.025530      -0.000827      -0.002964       0.004795    0.018777833    0.031955960    0.026395693    0.232759528
         1     564.043609    -136.511734       6.038515     170.664775     105.272757    -189.788013       0.002116      -0.000967      -0.000369       0.001296       0.000784      -0.001581       0.047707      -0.022971      -0.024736      -0.005297      -0.004206       0.008086    0.018493996    0.015173997    0.118829440    0.136541136
         1     404.048699     -38.771379     -39.009090      20.928603      34.763549      -2.806694       0.003534      -0.001495      -0.001454       0.000688       0.001182      -0.000005       0.046507      -0.022495      -0.024012      -0.001924      -0.004306       0.006299    0.052829135    0.021812769    0.008738995    0.069311199
         1     509.465569      61.165482      56.560395     -31.326713       8.072607       1.852743       0.003822      -0.001312      -0.001384      -0.000895       0.000325      -0.000000       0.046434      -0.022596      -0.023838      -0.000614      -0.003772       0.006204    0.024724130    0.042876787    0.080912994    0.041505346
         1     657.169004     -56.734683     126.561189      71.098629      85.298011     -69.458554       0.002239      -0.000850      -0.000083       0.000472       0.000619      -0.000522       0.047804      -0.022769      -0.025034      -0.002050      -0.003868       0.006548    0.044114129    0.000000015    0.006437914    0.183994441
         1     546.922457     -53.437112     183.284733     -85.418344      25.020490      92.733893       0.003176      -0.001989       0.000029       0.000892      -0.000345       0.001529       0.046977      -0.021677      -0.025300      -0.001766      -0.002970       0.004098    0.087273257    0.019932240    0.015769227    0.113169029
         1     680.053109     164.735557    -224.404836      51.208915     -22.799084     132.941741       0.002397       0.000165      -0.001447       0.000440      -0.000173       0.001103       0.047278      -0.024198      -0.023080      -0.002091      -0.002866       0.004959    0.027433822    0.209204241    0.031075454    0.097483850
         1     560.386022      80.970179    -384.942996     -31.263058      31.582338     -28.136142       0.002188       0.000099      -0.001826      -0.000277       0.000234      -0.000229       0.047767      -0.024646      -0.023121      -0.000573      -0.003989       0.006334    0.102333980    0.170201679    0.028641678    0.024786609
         1     486.026467      96.844011    -111.162808      10.342067      59.240466    -110.562818       0.002905      -0.000138      -0.001920      -0.000876      -0.001211      -0.001554       0.047193      -0.024121      -0.023072      -0.000675      -0.001977       0.008055    0.001454650    0.026694307    0.100894740    0.082201029
         1     670.285417     -43.764292     -44.829878      59.528634     -31.051792       6.130697       0.002373      -0.000655      -0.000673       0.000483      -0.000249       0.000043       0.047485      -0.023463      -0.024022      -0.000302      -0.002084       0.006643    0.071176111    0.000000000    0.038906409    0.063898244
